run_time,latest_reading_time,latest_dam_cfs,white_hole_cfs,white_hole_release_time,water_state,forecast,next_change,next_change_cfs,next_change_release_time,next_change_start,next_change_down,scheduled_change,scheduled_change_cfs,scheduled_time,scheduled_arrival,water_temp_f,dissolved_oxygen_mg_l,feed_failed
2026-09-20T21:00-05:00,2026-09-20T20:00-05:00,9345,17464,2026-09-20T18:00-05:00,rising,falling water expected soon,falling,9345,2026-09-20T20:00-05:00,2026-09-20T22:11-05:00,2026-09-20T22:35-05:00,falling,1600,2026-09-20T21:00-05:00,2026-09-21T00:44-05:00,58.1,4.4,0
2026-09-20T22:00-05:00,2026-09-20T21:00-05:00,4826,15690,2026-09-20T19:00-05:00,stable,falling water expected soon,falling,9345,2026-09-20T20:00-05:00,2026-09-20T22:11-05:00,2026-09-20T22:35-05:00,falling,750,2026-09-20T22:00-05:00,2026-09-21T01:44-05:00,58.3,4.9,0
2026-09-20T23:00-05:00,2026-09-20T22:00-05:00,815,9345,2026-09-20T20:00-05:00,falling,falling water expected soon,falling,4826,2026-09-20T21:00-05:00,2026-09-20T23:35-05:00,2026-09-20T23:58-05:00,rising,1600,2026-09-21T06:00-05:00,2026-09-21T09:44-05:00,58.6,5.7,0
2026-09-21T00:00-05:00,2026-09-20T23:00-05:00,795,4826,2026-09-20T21:00-05:00,falling,falling water expected soon,falling,815,2026-09-20T22:00-05:00,2026-09-21T00:58-05:00,2026-09-21T01:44-05:00,rising,1600,2026-09-21T06:00-05:00,2026-09-21T09:44-05:00,,,0
2026-09-21T01:00-05:00,2026-09-21T00:00-05:00,733,4826,2026-09-20T21:00-05:00,falling,falling water expected soon,falling,815,2026-09-20T22:00-05:00,2026-09-21T00:58-05:00,2026-09-21T01:44-05:00,rising,1600,2026-09-21T06:00-05:00,2026-09-21T09:44-05:00,59.5,6.0,0
2026-09-21T02:00-05:00,2026-09-21T01:00-05:00,741,815,2026-09-20T22:00-05:00,falling,stable conditions expected,,,,,,rising,1600,2026-09-21T06:00-05:00,2026-09-21T09:44-05:00,60.1,6.1,0
2026-09-21T03:00-05:00,2026-09-21T02:00-05:00,761,795,2026-09-20T23:00-05:00,falling,stable conditions expected,,,,,,rising,1600,2026-09-21T06:00-05:00,2026-09-21T09:44-05:00,60.4,6.3,0
2026-09-21T04:00-05:00,2026-09-21T03:00-05:00,771,733,2026-09-21T00:00-05:00,stable,stable conditions expected,,,,,,rising,1600,2026-09-21T06:00-05:00,2026-09-21T09:44-05:00,60.6,6.4,0
2026-09-21T05:00-05:00,2026-09-21T03:00-05:00,771,741,2026-09-21T01:00-05:00,stable,stable conditions expected,,,,,,rising,1600,2026-09-21T06:00-05:00,2026-09-21T09:44-05:00,60.6,6.4,1
2026-09-21T06:00-05:00,2026-09-21T05:00-05:00,740,761,2026-09-21T02:00-05:00,stable,stable conditions expected,,,,,,rising,1600,2026-09-21T06:00-05:00,2026-09-21T09:44-05:00,60.6,6.4,0
2026-09-21T07:00-05:00,2026-09-21T06:00-05:00,2478,771,2026-09-21T03:00-05:00,stable,rising water expected soon,rising,2478,2026-09-21T06:00-05:00,2026-09-21T09:29-05:00,,falling,1600,2026-09-21T07:00-05:00,2026-09-21T10:44-05:00,60.4,6.4,0
2026-09-21T08:00-05:00,2026-09-21T07:00-05:00,2430,761,2026-09-21T04:00-05:00,stable,rising water expected soon,rising,2478,2026-09-21T06:00-05:00,2026-09-21T09:29-05:00,,falling,1600,2026-09-21T08:00-05:00,2026-09-21T11:44-05:00,60.6,6.5,0
2026-09-21T09:00-05:00,2026-09-21T08:00-05:00,2786,740,2026-09-21T05:00-05:00,stable,rising water expected soon,rising,2478,2026-09-21T06:00-05:00,2026-09-21T09:29-05:00,,falling,1600,2026-09-21T09:00-05:00,2026-09-21T12:44-05:00,60.4,6.8,0
2026-09-21T10:00-05:00,2026-09-21T09:00-05:00,2609,2478,2026-09-21T06:00-05:00,rising,stable conditions expected,,,,,,falling,1600,2026-09-21T10:00-05:00,2026-09-21T13:44-05:00,60.1,7.2,0
2026-09-21T11:00-05:00,2026-09-21T10:00-05:00,2518,2430,2026-09-21T07:00-05:00,rising,stable conditions expected,,,,,,rising,4301,2026-09-21T11:00-05:00,2026-09-21T14:04-05:00,,,0
2026-09-21T12:00-05:00,2026-09-21T11:00-05:00,2391,2786,2026-09-21T08:00-05:00,stable,stable conditions expected,,,,,,rising,8690,2026-09-21T14:00-05:00,2026-09-21T16:37-05:00,60.4,8.0,0
2026-09-21T13:00-05:00,2026-09-21T12:00-05:00,2747,2609,2026-09-21T09:00-05:00,stable,stable conditions expected,,,,,,rising,8690,2026-09-21T14:00-05:00,2026-09-21T16:37-05:00,61.2,8.8,0
2026-09-21T14:00-05:00,2026-09-21T13:00-05:00,3154,2518,2026-09-21T10:00-05:00,stable,rising water expected soon,rising,3154,2026-09-21T13:00-05:00,2026-09-21T16:19-05:00,,rising,8690,2026-09-21T14:00-05:00,2026-09-21T16:37-05:00,61.9,9.3,0
2026-09-21T15:00-05:00,2026-09-21T14:00-05:00,5236,2391,2026-09-21T11:00-05:00,stable,rising water expected soon,rising,3154,2026-09-21T13:00-05:00,2026-09-21T16:19-05:00,,rising,14767,2026-09-21T15:00-05:00,2026-09-21T17:14-05:00,,,0
2026-09-21T16:00-05:00,2026-09-21T14:00-05:00,5236,2747,2026-09-21T12:00-05:00,stable,rising water expected soon,rising,5236,2026-09-21T14:00-05:00,2026-09-21T16:55-05:00,,rising,18818,2026-09-21T16:00-05:00,2026-09-21T18:01-05:00,61.2,8.4,0
2026-09-21T17:00-05:00,2026-09-21T16:00-05:00,13452,5236,2026-09-21T14:00-05:00,rising,rising water expected soon,rising,11815,2026-09-21T15:00-05:00,2026-09-21T17:25-05:00,,rising,16455,2026-09-21T17:00-05:00,2026-09-21T19:09-05:00,59.0,6.5,0
2026-09-21T18:00-05:00,2026-09-21T17:00-05:00,18027,11815,2026-09-21T15:00-05:00,rising,rising water expected soon,rising,18027,2026-09-21T17:00-05:00,2026-09-21T19:04-05:00,,falling,10378,2026-09-21T19:00-05:00,2026-09-21T21:30-05:00,58.3,5.7,0
2026-09-21T19:00-05:00,2026-09-21T18:00-05:00,16618,13452,2026-09-21T16:00-05:00,rising,rising water expected soon,rising,18027,2026-09-21T17:00-05:00,2026-09-21T19:04-05:00,,falling,10378,2026-09-21T19:00-05:00,2026-09-21T21:30-05:00,58.3,4.5,0
2026-09-21T20:00-05:00,2026-09-21T19:00-05:00,12774,18027,2026-09-21T17:00-05:00,rising,falling water expected soon,falling,12774,2026-09-21T19:00-05:00,2026-09-21T21:08-05:00,2026-09-21T21:21-05:00,falling,6327,2026-09-21T20:00-05:00,2026-09-21T22:49-05:00,,,0
2026-09-21T21:00-05:00,2026-09-21T20:00-05:00,7907,16618,2026-09-21T18:00-05:00,rising,falling water expected soon,falling,12774,2026-09-21T19:00-05:00,2026-09-21T21:08-05:00,2026-09-21T21:21-05:00,falling,2951,2026-09-21T21:00-05:00,2026-09-22T00:22-05:00,58.3,4.4,0
2026-09-21T22:00-05:00,2026-09-21T21:00-05:00,3872,12774,2026-09-21T19:00-05:00,falling,falling water expected soon,falling,7907,2026-09-21T20:00-05:00,2026-09-21T22:21-05:00,2026-09-21T22:41-05:00,falling,750,2026-09-21T22:00-05:00,2026-09-22T01:44-05:00,58.5,5.1,0
2026-09-21T23:00-05:00,2026-09-21T22:00-05:00,719,7907,2026-09-21T20:00-05:00,falling,falling water expected soon,falling,3872,2026-09-21T21:00-05:00,2026-09-21T23:41-05:00,2026-09-22T00:09-05:00,,,,,58.8,5.7,0
2026-09-22T00:00-05:00,2026-09-21T23:00-05:00,715,7907,2026-09-21T20:00-05:00,falling,falling water expected soon,falling,3872,2026-09-21T21:00-05:00,2026-09-21T23:41-05:00,2026-09-22T00:09-05:00,,,,,59.2,6.1,0
2026-09-22T01:00-05:00,2026-09-22T00:00-05:00,793,3872,2026-09-21T21:00-05:00,falling,falling water expected soon,falling,719,2026-09-21T22:00-05:00,2026-09-22T01:09-05:00,2026-09-22T01:44-05:00,,,,,59.5,6.5,0
2026-09-22T02:00-05:00,2026-09-22T01:00-05:00,708,719,2026-09-21T22:00-05:00,falling,stable conditions expected,,,,,,,,,,60.1,6.3,0
2026-09-22T03:00-05:00,2026-09-22T02:00-05:00,764,715,2026-09-21T23:00-05:00,falling,stable conditions expected,,,,,,,,,,60.3,6.4,0
2026-09-22T04:00-05:00,2026-09-22T03:00-05:00,748,793,2026-09-22T00:00-05:00,stable,stable conditions expected,,,,,,rising,2613,2026-09-22T06:00-05:00,2026-09-22T09:27-05:00,60.6,6.5,0
2026-09-22T05:00-05:00,2026-09-22T04:00-05:00,716,708,2026-09-22T01:00-05:00,stable,stable conditions expected,,,,,,rising,2613,2026-09-22T06:00-05:00,2026-09-22T09:27-05:00,60.8,6.5,0
2026-09-22T06:00-05:00,2026-09-22T05:00-05:00,693,764,2026-09-22T02:00-05:00,stable,stable conditions expected,,,,,,rising,2613,2026-09-22T06:00-05:00,2026-09-22T09:27-05:00,60.8,6.5,0
2026-09-22T07:00-05:00,2026-09-22T06:00-05:00,1892,748,2026-09-22T03:00-05:00,stable,rising water expected soon,rising,1892,2026-09-22T06:00-05:00,2026-09-22T09:39-05:00,,rising,2613,2026-09-22T07:00-05:00,2026-09-22T10:27-05:00,61.0,6.5,0
2026-09-22T08:00-05:00,2026-09-22T07:00-05:00,2967,716,2026-09-22T04:00-05:00,stable,rising water expected soon,rising,1892,2026-09-22T06:00-05:00,2026-09-22T09:39-05:00,,rising,4639,2026-09-22T15:00-05:00,2026-09-22T18:00-05:00,61.0,6.5,0
2026-09-22T09:00-05:00,2026-09-22T08:00-05:00,3347,693,2026-09-22T05:00-05:00,stable,rising water expected soon,rising,1892,2026-09-22T06:00-05:00,2026-09-22T09:39-05:00,,falling,2613,2026-09-22T09:00-05:00,2026-09-22T12:27-05:00,60.4,6.9,0
2026-09-22T10:00-05:00,2026-09-22T09:00-05:00,3048,1892,2026-09-22T06:00-05:00,rising,rising water expected soon,rising,2967,2026-09-22T07:00-05:00,2026-09-22T10:22-05:00,,rising,4639,2026-09-22T15:00-05:00,2026-09-22T18:00-05:00,59.7,6.4,0
2026-09-22T11:00-05:00,2026-09-22T10:00-05:00,2896,2967,2026-09-22T07:00-05:00,rising,stable conditions expected,,,,,,rising,4639,2026-09-22T15:00-05:00,2026-09-22T18:00-05:00,59.5,6.6,0
2026-09-22T12:00-05:00,2026-09-22T11:00-05:00,2908,3347,2026-09-22T08:00-05:00,rising,stable conditions expected,,,,,,rising,4639,2026-09-22T15:00-05:00,2026-09-22T18:00-05:00,59.5,6.9,0
2026-09-22T13:00-05:00,2026-09-22T12:00-05:00,2243,3048,2026-09-22T09:00-05:00,stable,falling water expected soon,falling,2243,2026-09-22T12:00-05:00,2026-09-22T15:23-05:00,2026-09-22T15:33-05:00,rising,4639,2026-09-22T15:00-05:00,2026-09-22T18:00-05:00,60.1,7.8,0
2026-09-22T14:00-05:00,2026-09-22T13:00-05:00,2298,2896,2026-09-22T10:00-05:00,stable,falling water expected soon,falling,2243,2026-09-22T12:00-05:00,2026-09-22T15:23-05:00,2026-09-22T15:33-05:00,rising,4639,2026-09-22T15:00-05:00,2026-09-22T18:00-05:00,,,0
2026-09-22T15:00-05:00,2026-09-22T14:00-05:00,4297,2908,2026-09-22T11:00-05:00,stable,rising water expected soon,falling,2243,2026-09-22T12:00-05:00,2026-09-22T15:23-05:00,2026-09-22T15:33-05:00,rising,11391,2026-09-22T16:00-05:00,2026-09-22T18:26-05:00,62.1,9.1,0
2026-09-22T16:00-05:00,2026-09-22T15:00-05:00,8151,2243,2026-09-22T12:00-05:00,falling,rising water expected soon,rising,4297,2026-09-22T14:00-05:00,2026-09-22T17:04-05:00,,rising,11391,2026-09-22T16:00-05:00,2026-09-22T18:26-05:00,62.4,9.5,0
2026-09-22T17:00-05:00,2026-09-22T16:00-05:00,10366,2298,2026-09-22T13:00-05:00,falling,rising water expected soon,rising,4297,2026-09-22T14:00-05:00,2026-09-22T17:04-05:00,,rising,18143,2026-09-22T17:00-05:00,2026-09-22T19:04-05:00,59.7,6.4,0
2026-09-22T18:00-05:00,2026-09-22T17:00-05:00,11328,8151,2026-09-22T15:00-05:00,rising,rising water expected soon,rising,10366,2026-09-22T16:00-05:00,2026-09-22T18:30-05:00,,falling,4639,2026-09-22T19:00-05:00,2026-09-22T22:00-05:00,,,0
2026-09-22T19:00-05:00,2026-09-22T18:00-05:00,6230,10366,2026-09-22T16:00-05:00,rising,falling water expected soon,falling,6230,2026-09-22T18:00-05:00,2026-09-22T20:26-05:00,2026-09-22T20:49-05:00,falling,4639,2026-09-22T19:00-05:00,2026-09-22T22:00-05:00,,,0
2026-09-22T20:00-05:00,2026-09-22T19:00-05:00,5160,11328,2026-09-22T17:00-05:00,rising,falling water expected soon,falling,6230,2026-09-22T18:00-05:00,2026-09-22T20:26-05:00,2026-09-22T20:49-05:00,falling,2613,2026-09-22T20:00-05:00,2026-09-22T23:27-05:00,58.5,6.4,0
2026-09-22T21:00-05:00,2026-09-22T20:00-05:00,3004,6230,2026-09-22T18:00-05:00,falling,falling water expected soon,falling,5160,2026-09-22T19:00-05:00,2026-09-22T21:49-05:00,2026-09-22T21:55-05:00,falling,750,2026-09-22T22:00-05:00,2026-09-23T01:44-05:00,58.3,6.8,0
2026-09-22T22:00-05:00,2026-09-22T21:00-05:00,2714,5160,2026-09-22T19:00-05:00,falling,falling water expected soon,falling,3004,2026-09-22T20:00-05:00,2026-09-22T22:55-05:00,2026-09-22T23:21-05:00,falling,750,2026-09-22T22:00-05:00,2026-09-23T01:44-05:00,58.5,6.4,0
2026-09-22T23:00-05:00,2026-09-22T22:00-05:00,726,5160,2026-09-22T19:00-05:00,falling,falling water expected soon,falling,3004,2026-09-22T20:00-05:00,2026-09-22T22:55-05:00,2026-09-22T23:21-05:00,,,,,59.0,6.3,0
2026-09-23T00:00-05:00,2026-09-22T23:00-05:00,793,3004,2026-09-22T20:00-05:00,falling,falling water expected soon,falling,726,2026-09-22T22:00-05:00,2026-09-23T01:26-05:00,2026-09-23T01:44-05:00,,,,,59.2,6.4,0
2026-09-23T01:00-05:00,2026-09-23T00:00-05:00,762,2714,2026-09-22T21:00-05:00,falling,falling water expected soon,falling,726,2026-09-22T22:00-05:00,2026-09-23T01:26-05:00,2026-09-23T01:44-05:00,,,,,59.4,6.4,0
2026-09-23T02:00-05:00,2026-09-23T01:00-05:00,718,726,2026-09-22T22:00-05:00,falling,stable conditions expected,,,,,,,,,,59.5,6.4,0
2026-09-23T03:00-05:00,2026-09-23T02:00-05:00,758,793,2026-09-22T23:00-05:00,falling,stable conditions expected,,,,,,,,,,59.9,6.4,0
2026-09-23T04:00-05:00,2026-09-23T03:00-05:00,700,762,2026-09-23T00:00-05:00,stable,stable conditions expected,,,,,,rising,2951,2026-09-23T06:00-05:00,2026-09-23T09:22-05:00,60.1,6.6,0
2026-09-23T05:00-05:00,2026-09-23T04:00-05:00,771,718,2026-09-23T01:00-05:00,stable,stable conditions expected,,,,,,rising,2951,2026-09-23T06:00-05:00,2026-09-23T09:22-05:00,60.3,6.6,0
2026-09-23T06:00-05:00,2026-09-23T05:00-05:00,730,758,2026-09-23T02:00-05:00,stable,stable conditions expected,,,,,,rising,2951,2026-09-23T06:00-05:00,2026-09-23T09:22-05:00,60.3,6.6,0
2026-09-23T07:00-05:00,2026-09-23T06:00-05:00,1953,700,2026-09-23T03:00-05:00,stable,rising water expected soon,rising,1953,2026-09-23T06:00-05:00,2026-09-23T09:38-05:00,,rising,2951,2026-09-23T07:00-05:00,2026-09-23T10:22-05:00,60.3,6.6,0
2026-09-23T08:00-05:00,2026-09-23T07:00-05:00,2615,771,2026-09-23T04:00-05:00,stable,rising water expected soon,rising,1953,2026-09-23T06:00-05:00,2026-09-23T09:38-05:00,,falling,1600,2026-09-23T08:00-05:00,2026-09-23T11:44-05:00,60.1,6.6,0
2026-09-23T09:00-05:00,2026-09-23T08:00-05:00,2583,730,2026-09-23T05:00-05:00,stable,rising water expected soon,rising,1953,2026-09-23T06:00-05:00,2026-09-23T09:38-05:00,,falling,1600,2026-09-23T09:00-05:00,2026-09-23T12:44-05:00,59.7,7.0,0
2026-09-23T10:00-05:00,2026-09-23T09:00-05:00,2402,1953,2026-09-23T06:00-05:00,rising,stable conditions expected,rising,2615,2026-09-23T07:00-05:00,2026-09-23T10:27-05:00,,falling,1600,2026-09-23T10:00-05:00,2026-09-23T13:44-05:00,,,0
2026-09-23T11:00-05:00,2026-09-23T10:00-05:00,2466,2615,2026-09-23T07:00-05:00,rising,stable conditions expected,,,,,,falling,1600,2026-09-23T11:00-05:00,2026-09-23T14:44-05:00,59.9,7.9,0
2026-09-23T12:00-05:00,2026-09-23T11:00-05:00,2203,2583,2026-09-23T08:00-05:00,rising,stable conditions expected,,,,,,falling,1600,2026-09-23T12:00-05:00,2026-09-23T15:44-05:00,60.8,8.4,0
2026-09-23T13:00-05:00,2026-09-23T12:00-05:00,2224,2402,2026-09-23T09:00-05:00,stable,stable conditions expected,,,,,,falling,1600,2026-09-23T13:00-05:00,2026-09-23T16:44-05:00,61.5,9.2,0
2026-09-23T14:00-05:00,2026-09-23T13:00-05:00,2660,2466,2026-09-23T10:00-05:00,stable,stable conditions expected,,,,,,falling,1600,2026-09-23T14:00-05:00,2026-09-23T17:44-05:00,,,0
2026-09-23T15:00-05:00,2026-09-23T14:00-05:00,3445,2203,2026-09-23T11:00-05:00,stable,rising water expected soon,rising,3445,2026-09-23T14:00-05:00,2026-09-23T17:15-05:00,,falling,1600,2026-09-23T15:00-05:00,2026-09-23T18:44-05:00,,,0
2026-09-23T16:00-05:00,2026-09-23T15:00-05:00,2384,2224,2026-09-23T12:00-05:00,stable,stable conditions expected,rising,3445,2026-09-23T14:00-05:00,2026-09-23T17:15-05:00,,falling,1600,2026-09-23T16:00-05:00,2026-09-23T19:44-05:00,62.4,9.3,0
2026-09-23T17:00-05:00,2026-09-23T16:00-05:00,2545,2660,2026-09-23T13:00-05:00,stable,stable conditions expected,rising,3445,2026-09-23T14:00-05:00,2026-09-23T17:15-05:00,,falling,1600,2026-09-23T17:00-05:00,2026-09-23T20:44-05:00,61.7,8.6,0
2026-09-23T18:00-05:00,2026-09-23T17:00-05:00,1921,3445,2026-09-23T14:00-05:00,rising,falling water expected soon,falling,2384,2026-09-23T15:00-05:00,2026-09-23T18:15-05:00,2026-09-23T18:31-05:00,falling,1938,2026-09-23T20:00-05:00,2026-09-23T23:38-05:00,61.5,8.3,0
2026-09-23T19:00-05:00,2026-09-23T18:00-05:00,2840,2384,2026-09-23T15:00-05:00,stable,stable conditions expected,,,,,,falling,1938,2026-09-23T20:00-05:00,2026-09-23T23:38-05:00,,,0
2026-09-23T20:00-05:00,2026-09-23T19:00-05:00,2760,2545,2026-09-23T16:00-05:00,falling,stable conditions expected,falling,1921,2026-09-23T17:00-05:00,2026-09-23T20:28-05:00,2026-09-23T20:39-05:00,falling,1938,2026-09-23T20:00-05:00,2026-09-23T23:38-05:00,60.4,8.0,0
2026-09-23T21:00-05:00,2026-09-23T20:00-05:00,2787,1921,2026-09-23T17:00-05:00,stable,rising water expected soon,rising,2840,2026-09-23T18:00-05:00,2026-09-23T21:24-05:00,,falling,1600,2026-09-23T21:00-05:00,2026-09-24T00:44-05:00,,,0
2026-09-23T22:00-05:00,2026-09-23T21:00-05:00,3271,2840,2026-09-23T18:00-05:00,stable,stable conditions expected,,,,,,falling,750,2026-09-23T22:00-05:00,2026-09-24T01:44-05:00,59.2,6.4,0
2026-09-23T23:00-05:00,2026-09-23T22:00-05:00,699,2760,2026-09-23T19:00-05:00,rising,falling water expected soon,falling,699,2026-09-23T22:00-05:00,2026-09-24T01:18-05:00,2026-09-24T01:44-05:00,rising,2613,2026-09-24T06:00-05:00,2026-09-24T09:27-05:00,59.0,6.3,0
2026-09-24T00:00-05:00,2026-09-23T23:00-05:00,774,2787,2026-09-23T20:00-05:00,stable,falling water expected soon,falling,699,2026-09-23T22:00-05:00,2026-09-24T01:18-05:00,2026-09-24T01:44-05:00,rising,2613,2026-09-24T06:00-05:00,2026-09-24T09:27-05:00,,,0
2026-09-24T01:00-05:00,2026-09-24T00:00-05:00,752,3271,2026-09-23T21:00-05:00,stable,falling water expected soon,falling,699,2026-09-23T22:00-05:00,2026-09-24T01:18-05:00,2026-09-24T01:44-05:00,rising,2613,2026-09-24T06:00-05:00,2026-09-24T09:27-05:00,59.0,6.1,0
2026-09-24T02:00-05:00,2026-09-24T01:00-05:00,742,699,2026-09-23T22:00-05:00,falling,stable conditions expected,,,,,,rising,2613,2026-09-24T06:00-05:00,2026-09-24T09:27-05:00,59.2,6.1,0
2026-09-24T03:00-05:00,2026-09-24T02:00-05:00,780,774,2026-09-23T23:00-05:00,falling,stable conditions expected,,,,,,rising,2613,2026-09-24T06:00-05:00,2026-09-24T09:27-05:00,59.4,6.3,0
2026-09-24T04:00-05:00,2026-09-24T03:00-05:00,774,752,2026-09-24T00:00-05:00,stable,stable conditions expected,,,,,,rising,2613,2026-09-24T06:00-05:00,2026-09-24T09:27-05:00,59.5,6.6,0
2026-09-24T05:00-05:00,2026-09-24T04:00-05:00,768,742,2026-09-24T01:00-05:00,stable,stable conditions expected,,,,,,rising,2613,2026-09-24T06:00-05:00,2026-09-24T09:27-05:00,59.5,6.6,0
2026-09-24T06:00-05:00,2026-09-24T05:00-05:00,779,780,2026-09-24T02:00-05:00,stable,stable conditions expected,,,,,,rising,2613,2026-09-24T06:00-05:00,2026-09-24T09:27-05:00,59.5,6.6,0
2026-09-24T07:00-05:00,2026-09-24T06:00-05:00,2059,774,2026-09-24T03:00-05:00,stable,rising water expected soon,rising,2059,2026-09-24T06:00-05:00,2026-09-24T09:36-05:00,,rising,2613,2026-09-24T07:00-05:00,2026-09-24T10:27-05:00,,,0
2026-09-24T08:00-05:00,2026-09-24T07:00-05:00,2672,768,2026-09-24T04:00-05:00,stable,rising water expected soon,rising,2059,2026-09-24T06:00-05:00,2026-09-24T09:36-05:00,,falling,1938,2026-09-24T08:00-05:00,2026-09-24T11:38-05:00,59.7,6.6,0
2026-09-24T09:00-05:00,2026-09-24T08:00-05:00,2082,779,2026-09-24T05:00-05:00,stable,rising water expected soon,rising,2059,2026-09-24T06:00-05:00,2026-09-24T09:36-05:00,,rising,4301,2026-09-24T11:00-05:00,2026-09-24T14:04-05:00,59.7,6.6,0
2026-09-24T10:00-05:00,2026-09-24T09:00-05:00,1098,2059,2026-09-24T06:00-05:00,rising,falling water expected soon,rising,2672,2026-09-24T07:00-05:00,2026-09-24T10:26-05:00,,rising,1938,2026-09-24T10:00-05:00,2026-09-24T13:38-05:00,59.7,6.6,0
2026-09-24T11:00-05:00,2026-09-24T10:00-05:00,953,2672,2026-09-24T07:00-05:00,rising,falling water expected soon,falling,2082,2026-09-24T08:00-05:00,2026-09-24T11:26-05:00,2026-09-24T11:36-05:00,rising,4301,2026-09-24T11:00-05:00,2026-09-24T14:04-05:00,60.3,8.1,0
2026-09-24T12:00-05:00,2026-09-24T11:00-05:00,1113,2082,2026-09-24T08:00-05:00,stable,falling water expected soon,falling,1098,2026-09-24T09:00-05:00,2026-09-24T12:36-05:00,2026-09-24T12:44-05:00,rising,1938,2026-09-24T12:00-05:00,2026-09-24T15:38-05:00,61.5,9.3,0
2026-09-24T13:00-05:00,2026-09-24T12:00-05:00,1494,1098,2026-09-24T09:00-05:00,falling,stable conditions expected,,,,,,rising,2276,2026-09-24T13:00-05:00,2026-09-24T16:33-05:00,63.0,10.4,0
2026-09-24T14:00-05:00,2026-09-24T13:00-05:00,1892,953,2026-09-24T10:00-05:00,falling,rising water expected soon,rising,1494,2026-09-24T12:00-05:00,2026-09-24T15:44-05:00,,rising,3964,2026-09-24T15:00-05:00,2026-09-24T18:08-05:00,63.9,10.9,0
2026-09-24T15:00-05:00,2026-09-24T14:00-05:00,1803,1113,2026-09-24T11:00-05:00,stable,rising water expected soon,rising,1892,2026-09-24T13:00-05:00,2026-09-24T16:39-05:00,,rising,3964,2026-09-24T15:00-05:00,2026-09-24T18:08-05:00,64.0,10.8,0
2026-09-24T16:00-05:00,2026-09-24T15:00-05:00,2134,1494,2026-09-24T12:00-05:00,rising,rising water expected soon,rising,2134,2026-09-24T15:00-05:00,2026-09-24T18:35-05:00,,rising,3288,2026-09-24T16:00-05:00,2026-09-24T19:17-05:00,63.7,10.0,0
2026-09-24T17:00-05:00,2026-09-24T16:00-05:00,3881,1892,2026-09-24T13:00-05:00,rising,rising water expected soon,rising,3881,2026-09-24T16:00-05:00,2026-09-24T19:09-05:00,,falling,1938,2026-09-24T18:00-05:00,2026-09-24T21:38-05:00,62.8,10.1,0
2026-09-24T18:00-05:00,2026-09-24T17:00-05:00,3265,1803,2026-09-24T14:00-05:00,stable,rising water expected soon,rising,3881,2026-09-24T16:00-05:00,2026-09-24T19:09-05:00,,falling,1938,2026-09-24T18:00-05:00,2026-09-24T21:38-05:00,61.9,9.5,0
2026-09-24T19:00-05:00,2026-09-24T18:00-05:00,2152,2134,2026-09-24T15:00-05:00,stable,stable conditions expected,rising,3881,2026-09-24T16:00-05:00,2026-09-24T19:09-05:00,,falling,1263,2026-09-24T20:00-05:00,2026-09-24T23:44-05:00,60.4,8.4,0
2026-09-24T20:00-05:00,2026-09-24T19:00-05:00,2745,3881,2026-09-24T16:00-05:00,rising,falling water expected soon,falling,2152,2026-09-24T18:00-05:00,2026-09-24T21:18-05:00,2026-09-24T21:35-05:00,falling,1263,2026-09-24T20:00-05:00,2026-09-24T23:44-05:00,59.7,6.9,0
2026-09-24T21:00-05:00,2026-09-24T20:00-05:00,2627,3265,2026-09-24T17:00-05:00,rising,falling water expected soon,falling,2152,2026-09-24T18:00-05:00,2026-09-24T21:18-05:00,2026-09-24T21:35-05:00,falling,925,2026-09-24T21:00-05:00,2026-09-25T00:44-05:00,59.4,6.6,0
2026-09-24T22:00-05:00,2026-09-24T21:00-05:00,2722,2152,2026-09-24T18:00-05:00,falling,rising water expected soon,rising,2745,2026-09-24T19:00-05:00,2026-09-24T22:25-05:00,,falling,750,2026-09-24T22:00-05:00,2026-09-25T01:44-05:00,59.0,6.5,0
2026-09-24T23:00-05:00,2026-09-24T22:00-05:00,671,2745,2026-09-24T19:00-05:00,stable,falling water expected soon,falling,671,2026-09-24T22:00-05:00,2026-09-25T01:26-05:00,2026-09-25T01:44-05:00,,,,,59.0,6.2,0
2026-09-25T00:00-05:00,2026-09-24T23:00-05:00,698,2627,2026-09-24T20:00-05:00,stable,falling water expected soon,falling,671,2026-09-24T22:00-05:00,2026-09-25T01:26-05:00,2026-09-25T01:44-05:00,,,,,,,0
2026-09-25T01:00-05:00,2026-09-25T00:00-05:00,793,2722,2026-09-24T21:00-05:00,stable,falling water expected soon,falling,671,2026-09-24T22:00-05:00,2026-09-25T01:26-05:00,2026-09-25T01:44-05:00,,,,,59.2,6.3,0
2026-09-25T02:00-05:00,2026-09-25T01:00-05:00,689,671,2026-09-24T22:00-05:00,falling,stable conditions expected,,,,,,,,,,59.4,6.3,0
2026-09-25T03:00-05:00,2026-09-25T02:00-05:00,746,698,2026-09-24T23:00-05:00,falling,stable conditions expected,,,,,,,,,,59.5,6.4,0
2026-09-25T04:00-05:00,2026-09-25T03:00-05:00,747,793,2026-09-25T00:00-05:00,stable,stable conditions expected,,,,,,rising,1938,2026-09-25T06:00-05:00,2026-09-25T09:38-05:00,59.7,6.6,0
2026-09-25T05:00-05:00,2026-09-25T04:00-05:00,726,689,2026-09-25T01:00-05:00,stable,stable conditions expected,,,,,,rising,1938,2026-09-25T06:00-05:00,2026-09-25T09:38-05:00,59.7,6.6,0
2026-09-25T06:00-05:00,2026-09-25T05:00-05:00,726,746,2026-09-25T02:00-05:00,stable,stable conditions expected,,,,,,rising,1938,2026-09-25T06:00-05:00,2026-09-25T09:38-05:00,59.7,6.6,0
2026-09-25T07:00-05:00,2026-09-25T06:00-05:00,1888,747,2026-09-25T03:00-05:00,stable,rising water expected soon,rising,1888,2026-09-25T06:00-05:00,2026-09-25T09:39-05:00,,rising,4301,2026-09-25T11:00-05:00,2026-09-25T14:04-05:00,59.9,6.6,0
2026-09-25T08:00-05:00,2026-09-25T07:00-05:00,2358,726,2026-09-25T04:00-05:00,stable,rising water expected soon,rising,1888,2026-09-25T06:00-05:00,2026-09-25T09:39-05:00,,rising,4301,2026-09-25T11:00-05:00,2026-09-25T14:04-05:00,59.9,6.6,0
2026-09-25T09:00-05:00,2026-09-25T08:00-05:00,2297,726,2026-09-25T05:00-05:00,stable,rising water expected soon,rising,1888,2026-09-25T06:00-05:00,2026-09-25T09:39-05:00,,rising,4301,2026-09-25T11:00-05:00,2026-09-25T14:04-05:00,59.9,7.0,0
2026-09-25T10:00-05:00,2026-09-25T09:00-05:00,2737,1888,2026-09-25T06:00-05:00,rising,rising water expected soon,rising,2737,2026-09-25T09:00-05:00,2026-09-25T12:25-05:00,,falling,1938,2026-09-25T10:00-05:00,2026-09-25T13:38-05:00,59.9,7.0,0
2026-09-25T11:00-05:00,2026-09-25T10:00-05:00,2222,2358,2026-09-25T07:00-05:00,rising,stable conditions expected,,,,,,rising,4301,2026-09-25T11:00-05:00,2026-09-25T14:04-05:00,60.1,7.6,0
2026-09-25T12:00-05:00,2026-09-25T11:00-05:00,2817,2297,2026-09-25T08:00-05:00,stable,rising water expected soon,rising,2817,2026-09-25T11:00-05:00,2026-09-25T14:24-05:00,,falling,1938,2026-09-25T12:00-05:00,2026-09-25T15:38-05:00,,,0
2026-09-25T13:00-05:00,2026-09-25T12:00-05:00,1801,2737,2026-09-25T09:00-05:00,stable,falling water expected soon,falling,2222,2026-09-25T10:00-05:00,2026-09-25T13:25-05:00,2026-09-25T13:34-05:00,rising,2613,2026-09-25T13:00-05:00,2026-09-25T16:27-05:00,61.3,8.8,0
2026-09-25T14:00-05:00,2026-09-25T13:00-05:00,2201,2222,2026-09-25T10:00-05:00,stable,stable conditions expected,rising,2817,2026-09-25T11:00-05:00,2026-09-25T14:24-05:00,,rising,5314,2026-09-25T16:00-05:00,2026-09-25T18:54-05:00,,,0
2026-09-25T15:00-05:00,2026-09-25T14:00-05:00,1884,2817,2026-09-25T11:00-05:00,stable,falling water expected soon,falling,1801,2026-09-25T12:00-05:00,2026-09-25T15:24-05:00,2026-09-25T15:41-05:00,rising,5314,2026-09-25T16:00-05:00,2026-09-25T18:54-05:00,63.0,9.4,0
2026-09-25T16:00-05:00,2026-09-25T15:00-05:00,2234,1801,2026-09-25T12:00-05:00,stable,stable conditions expected,,,,,,rising,5314,2026-09-25T16:00-05:00,2026-09-25T18:54-05:00,63.3,9.9,0
2026-09-25T17:00-05:00,2026-09-25T16:00-05:00,1806,2201,2026-09-25T13:00-05:00,falling,stable conditions expected,,,,,,rising,3626,2026-09-25T18:00-05:00,2026-09-25T21:13-05:00,63.0,9.8,0
2026-09-25T18:00-05:00,2026-09-25T17:00-05:00,2713,1884,2026-09-25T14:00-05:00,stable,rising water expected soon,rising,2713,2026-09-25T17:00-05:00,2026-09-25T20:26-05:00,,rising,3626,2026-09-25T18:00-05:00,2026-09-25T21:13-05:00,62.6,9.6,0
2026-09-25T19:00-05:00,2026-09-25T18:00-05:00,1851,2234,2026-09-25T15:00-05:00,stable,stable conditions expected,,,,,,falling,750,2026-09-25T22:00-05:00,2026-09-26T01:44-05:00,61.7,9.1,0
2026-09-25T20:00-05:00,2026-09-25T19:00-05:00,2165,1806,2026-09-25T16:00-05:00,stable,stable conditions expected,rising,2713,2026-09-25T17:00-05:00,2026-09-25T20:26-05:00,,falling,750,2026-09-25T22:00-05:00,2026-09-26T01:44-05:00,60.8,8.2,0
2026-09-25T21:00-05:00,2026-09-25T20:00-05:00,2915,2713,2026-09-25T17:00-05:00,stable,stable conditions expected,falling,1851,2026-09-25T18:00-05:00,2026-09-25T21:26-05:00,2026-09-25T21:40-05:00,falling,1938,2026-09-25T21:00-05:00,2026-09-26T00:38-05:00,59.9,7.3,0
2026-09-25T22:00-05:00,2026-09-25T21:00-05:00,2753,1851,2026-09-25T18:00-05:00,stable,rising water expected soon,rising,2915,2026-09-25T20:00-05:00,2026-09-25T23:23-05:00,,falling,750,2026-09-25T22:00-05:00,2026-09-26T01:44-05:00,59.4,6.7,0
2026-09-25T23:00-05:00,2026-09-25T22:00-05:00,759,2165,2026-09-25T19:00-05:00,falling,falling water expected soon,rising,2915,2026-09-25T20:00-05:00,2026-09-25T23:23-05:00,,,,,,59.2,5.9,0
2026-09-26T00:00-05:00,2026-09-25T23:00-05:00,751,2915,2026-09-25T20:00-05:00,rising,falling water expected soon,falling,759,2026-09-25T22:00-05:00,2026-09-26T01:25-05:00,2026-09-26T01:44-05:00,,,,,,,0
2026-09-26T01:00-05:00,2026-09-26T00:00-05:00,689,2753,2026-09-25T21:00-05:00,rising,falling water expected soon,falling,759,2026-09-25T22:00-05:00,2026-09-26T01:25-05:00,2026-09-26T01:44-05:00,,,,,59.4,6.3,0
2026-09-26T02:00-05:00,2026-09-26T01:00-05:00,731,759,2026-09-25T22:00-05:00,falling,stable conditions expected,,,,,,,,,,59.5,6.3,0
2026-09-26T03:00-05:00,2026-09-26T02:00-05:00,739,751,2026-09-25T23:00-05:00,falling,stable conditions expected,,,,,,,,,,59.7,6.3,0
2026-09-26T04:00-05:00,2026-09-26T03:00-05:00,728,689,2026-09-26T00:00-05:00,stable,stable conditions expected,,,,,,rising,1938,2026-09-26T06:00-05:00,2026-09-26T09:38-05:00,59.9,6.5,0
2026-09-26T05:00-05:00,2026-09-26T04:00-05:00,732,731,2026-09-26T01:00-05:00,stable,stable conditions expected,,,,,,rising,1938,2026-09-26T06:00-05:00,2026-09-26T09:38-05:00,59.9,6.5,0
2026-09-26T06:00-05:00,2026-09-26T05:00-05:00,762,739,2026-09-26T02:00-05:00,stable,stable conditions expected,,,,,,rising,1938,2026-09-26T06:00-05:00,2026-09-26T09:38-05:00,60.1,6.5,0
2026-09-26T07:00-05:00,2026-09-26T06:00-05:00,1860,728,2026-09-26T03:00-05:00,stable,rising water expected soon,rising,1860,2026-09-26T06:00-05:00,2026-09-26T09:40-05:00,,falling,750,2026-09-26T22:00-05:00,2026-09-27T01:44-05:00,60.1,6.5,0
2026-09-26T08:00-05:00,2026-09-26T07:00-05:00,2312,732,2026-09-26T04:00-05:00,stable,rising water expected soon,rising,1860,2026-09-26T06:00-05:00,2026-09-26T09:40-05:00,,falling,750,2026-09-26T22:00-05:00,2026-09-27T01:44-05:00,,,0
2026-09-26T09:00-05:00,2026-09-26T08:00-05:00,2472,762,2026-09-26T05:00-05:00,stable,rising water expected soon,rising,1860,2026-09-26T06:00-05:00,2026-09-26T09:40-05:00,,falling,1938,2026-09-26T09:00-05:00,2026-09-26T12:38-05:00,60.1,6.9,0
2026-09-26T10:00-05:00,2026-09-26T09:00-05:00,1877,1860,2026-09-26T06:00-05:00,rising,stable conditions expected,rising,2472,2026-09-26T08:00-05:00,2026-09-26T11:30-05:00,,falling,750,2026-09-26T22:00-05:00,2026-09-27T01:44-05:00,,,0
2026-09-26T11:00-05:00,2026-09-26T10:00-05:00,1274,2312,2026-09-26T07:00-05:00,rising,falling water expected soon,falling,1274,2026-09-26T10:00-05:00,2026-09-26T13:39-05:00,2026-09-26T13:44-05:00,rising,1938,2026-09-26T11:00-05:00,2026-09-26T14:38-05:00,60.1,7.7,0
2026-09-26T12:00-05:00,2026-09-26T11:00-05:00,1258,2472,2026-09-26T08:00-05:00,rising,falling water expected soon,falling,1877,2026-09-26T09:00-05:00,2026-09-26T12:30-05:00,2026-09-26T12:39-05:00,rising,1938,2026-09-26T12:00-05:00,2026-09-26T15:38-05:00,60.6,8.4,0
2026-09-26T13:00-05:00,2026-09-26T12:00-05:00,1278,1877,2026-09-26T09:00-05:00,stable,falling water expected soon,falling,1274,2026-09-26T10:00-05:00,2026-09-26T13:39-05:00,2026-09-26T13:44-05:00,rising,1938,2026-09-26T13:00-05:00,2026-09-26T16:38-05:00,61.2,9.2,0
2026-09-26T14:00-05:00,2026-09-26T13:00-05:00,1377,1274,2026-09-26T10:00-05:00,falling,stable conditions expected,,,,,,rising,1938,2026-09-26T14:00-05:00,2026-09-26T17:38-05:00,62.4,10.0,0
2026-09-26T15:00-05:00,2026-09-26T14:00-05:00,1526,1258,2026-09-26T11:00-05:00,falling,stable conditions expected,,,,,,falling,750,2026-09-26T22:00-05:00,2026-09-27T01:44-05:00,63.3,10.5,0
2026-09-26T16:00-05:00,2026-09-26T15:00-05:00,994,1278,2026-09-26T12:00-05:00,stable,stable conditions expected,,,,,,rising,1938,2026-09-26T16:00-05:00,2026-09-26T19:38-05:00,63.1,10.2,0
2026-09-26T17:00-05:00,2026-09-26T16:00-05:00,1222,1377,2026-09-26T13:00-05:00,stable,stable conditions expected,,,,,,rising,1938,2026-09-26T17:00-05:00,2026-09-26T20:38-05:00,63.0,9.9,0
2026-09-26T18:00-05:00,2026-09-26T17:00-05:00,1468,1526,2026-09-26T14:00-05:00,stable,stable conditions expected,falling,994,2026-09-26T15:00-05:00,2026-09-26T18:44-05:00,2026-09-26T18:44-05:00,falling,750,2026-09-26T22:00-05:00,2026-09-27T01:44-05:00,62.6,9.3,0
2026-09-26T19:00-05:00,2026-09-26T18:00-05:00,1303,994,2026-09-26T15:00-05:00,stable,stable conditions expected,,,,,,rising,1938,2026-09-26T19:00-05:00,2026-09-26T22:38-05:00,62.1,9.0,0
2026-09-26T20:00-05:00,2026-09-26T19:00-05:00,1510,1222,2026-09-26T16:00-05:00,stable,stable conditions expected,,,,,,falling,750,2026-09-26T22:00-05:00,2026-09-27T01:44-05:00,61.5,8.4,0
2026-09-26T21:00-05:00,2026-09-26T20:00-05:00,1000,1468,2026-09-26T17:00-05:00,stable,stable conditions expected,,,,,,rising,1938,2026-09-26T21:00-05:00,2026-09-27T00:38-05:00,61.0,7.5,0
2026-09-26T22:00-05:00,2026-09-26T21:00-05:00,1137,1303,2026-09-26T18:00-05:00,stable,stable conditions expected,,,,,,rising,2276,2026-09-27T06:00-05:00,2026-09-27T09:33-05:00,60.6,7.0,0
2026-09-26T23:00-05:00,2026-09-26T22:00-05:00,771,1510,2026-09-26T19:00-05:00,stable,falling water expected soon,falling,1000,2026-09-26T20:00-05:00,2026-09-26T23:44-05:00,2026-09-26T23:44-05:00,rising,2276,2026-09-27T06:00-05:00,2026-09-27T09:33-05:00,60.6,6.7,0
2026-09-27T00:00-05:00,2026-09-26T23:00-05:00,750,1000,2026-09-26T20:00-05:00,stable,stable conditions expected,,,,,,rising,2276,2026-09-27T06:00-05:00,2026-09-27T09:33-05:00,60.6,6.6,0
2026-09-27T01:00-05:00,2026-09-27T00:00-05:00,668,1137,2026-09-26T21:00-05:00,stable,stable conditions expected,,,,,,rising,2276,2026-09-27T06:00-05:00,2026-09-27T09:33-05:00,60.6,6.7,0
2026-09-27T02:00-05:00,2026-09-27T01:00-05:00,747,771,2026-09-26T22:00-05:00,stable,stable conditions expected,,,,,,rising,2276,2026-09-27T06:00-05:00,2026-09-27T09:33-05:00,60.6,6.7,0
2026-09-27T03:00-05:00,2026-09-27T02:00-05:00,729,750,2026-09-26T23:00-05:00,stable,stable conditions expected,,,,,,rising,2276,2026-09-27T06:00-05:00,2026-09-27T09:33-05:00,60.6,6.6,0
2026-09-27T04:00-05:00,2026-09-27T03:00-05:00,679,668,2026-09-27T00:00-05:00,stable,stable conditions expected,,,,,,rising,2276,2026-09-27T06:00-05:00,2026-09-27T09:33-05:00,60.6,6.8,0
2026-09-27T05:00-05:00,2026-09-27T03:00-05:00,679,747,2026-09-27T01:00-05:00,stable,stable conditions expected,,,,,,rising,2276,2026-09-27T06:00-05:00,2026-09-27T09:33-05:00,60.4,7.0,0
2026-09-27T06:00-05:00,2026-09-27T04:00-05:00,666,729,2026-09-27T02:00-05:00,stable,stable conditions expected,,,,,,rising,2276,2026-09-27T06:00-05:00,2026-09-27T09:33-05:00,60.4,7.0,0
2026-09-27T07:00-05:00,2026-09-27T05:00-05:00,684,679,2026-09-27T03:00-05:00,stable,stable conditions expected,,,,,,rising,2276,2026-09-27T07:00-05:00,2026-09-27T10:33-05:00,60.4,7.0,0
2026-09-27T08:00-05:00,2026-09-27T07:00-05:00,2715,666,2026-09-27T04:00-05:00,stable,rising water expected soon,rising,1878,2026-09-27T06:00-05:00,2026-09-27T09:39-05:00,,falling,1938,2026-09-27T08:00-05:00,2026-09-27T11:38-05:00,60.4,7.0,0
2026-09-27T09:00-05:00,2026-09-27T08:00-05:00,2851,684,2026-09-27T05:00-05:00,stable,rising water expected soon,rising,1878,2026-09-27T06:00-05:00,2026-09-27T09:39-05:00,,falling,1938,2026-09-27T09:00-05:00,2026-09-27T12:38-05:00,,,0
2026-09-27T10:00-05:00,2026-09-27T09:00-05:00,2214,1878,2026-09-27T06:00-05:00,rising,stable conditions expected,rising,2715,2026-09-27T07:00-05:00,2026-09-27T10:26-05:00,,rising,2951,2026-09-27T15:00-05:00,2026-09-27T18:22-05:00,59.5,7.5,0
2026-09-27T11:00-05:00,2026-09-27T10:00-05:00,1460,2715,2026-09-27T07:00-05:00,rising,falling water expected soon,falling,2214,2026-09-27T09:00-05:00,2026-09-27T12:24-05:00,2026-09-27T12:34-05:00,rising,2951,2026-09-27T15:00-05:00,2026-09-27T18:22-05:00,,,0
2026-09-27T12:00-05:00,2026-09-27T11:00-05:00,1393,2851,2026-09-27T08:00-05:00,rising,falling water expected soon,falling,2214,2026-09-27T09:00-05:00,2026-09-27T12:24-05:00,2026-09-27T12:34-05:00,rising,1938,2026-09-27T12:00-05:00,2026-09-27T15:38-05:00,59.9,8.2,0
2026-09-27T13:00-05:00,2026-09-27T12:00-05:00,1078,2214,2026-09-27T09:00-05:00,falling,falling water expected soon,falling,1460,2026-09-27T10:00-05:00,2026-09-27T13:34-05:00,2026-09-27T13:44-05:00,rising,1938,2026-09-27T13:00-05:00,2026-09-27T16:38-05:00,60.6,9.0,0
2026-09-27T14:00-05:00,2026-09-27T13:00-05:00,1079,1460,2026-09-27T10:00-05:00,falling,stable conditions expected,,,,,,rising,1938,2026-09-27T14:00-05:00,2026-09-27T17:38-05:00,61.5,9.8,0
2026-09-27T15:00-05:00,2026-09-27T14:00-05:00,1301,1393,2026-09-27T11:00-05:00,falling,stable conditions expected,,,,,,rising,2951,2026-09-27T15:00-05:00,2026-09-27T18:22-05:00,62.1,10.4,0
2026-09-27T16:00-05:00,2026-09-27T15:00-05:00,3767,1078,2026-09-27T12:00-05:00,stable,rising water expected soon,rising,3767,2026-09-27T15:00-05:00,2026-09-27T18:11-05:00,,falling,1938,2026-09-27T16:00-05:00,2026-09-27T19:38-05:00,63.0,10.7,0
2026-09-27T17:00-05:00,2026-09-27T16:00-05:00,1931,1079,2026-09-27T13:00-05:00,stable,rising water expected soon,rising,3767,2026-09-27T15:00-05:00,2026-09-27T18:11-05:00,,rising,3626,2026-09-27T18:00-05:00,2026-09-27T21:13-05:00,63.1,10.6,0
2026-09-27T18:00-05:00,2026-09-27T17:00-05:00,2319,1301,2026-09-27T14:00-05:00,stable,rising water expected soon,rising,3767,2026-09-27T15:00-05:00,2026-09-27T18:11-05:00,,rising,3626,2026-09-27T18:00-05:00,2026-09-27T21:13-05:00,,,0
2026-09-27T19:00-05:00,2026-09-27T18:00-05:00,2426,3767,2026-09-27T15:00-05:00,rising,falling water expected soon,falling,1931,2026-09-27T16:00-05:00,2026-09-27T19:11-05:00,2026-09-27T19:39-05:00,falling,750,2026-09-27T22:00-05:00,2026-09-28T01:44-05:00,61.5,8.5,0
2026-09-27T20:00-05:00,2026-09-27T19:00-05:00,2170,1931,2026-09-27T16:00-05:00,rising,stable conditions expected,,,,,,falling,750,2026-09-27T22:00-05:00,2026-09-28T01:44-05:00,60.6,7.6,0
2026-09-27T21:00-05:00,2026-09-27T20:00-05:00,1726,2319,2026-09-27T17:00-05:00,falling,falling water expected soon,falling,1726,2026-09-27T20:00-05:00,2026-09-27T23:42-05:00,,falling,750,2026-09-27T22:00-05:00,2026-09-28T01:44-05:00,60.1,6.9,0
2026-09-27T22:00-05:00,2026-09-27T21:00-05:00,986,2426,2026-09-27T18:00-05:00,stable,falling water expected soon,falling,1726,2026-09-27T20:00-05:00,2026-09-27T23:42-05:00,,rising,1938,2026-09-28T06:00-05:00,2026-09-28T09:38-05:00,59.7,6.6,0
2026-09-27T23:00-05:00,2026-09-27T22:00-05:00,1254,2170,2026-09-27T19:00-05:00,stable,falling water expected soon,falling,986,2026-09-27T21:00-05:00,2026-09-28T00:42-05:00,2026-09-28T00:44-05:00,falling,750,2026-09-27T23:00-05:00,2026-09-28T02:44-05:00,59.7,6.6,0
2026-09-28T00:00-05:00,2026-09-27T23:00-05:00,773,1726,2026-09-27T20:00-05:00,falling,falling water expected soon,falling,986,2026-09-27T21:00-05:00,2026-09-28T00:42-05:00,2026-09-28T00:44-05:00,rising,1938,2026-09-28T06:00-05:00,2026-09-28T09:38-05:00,,,0
2026-09-28T01:00-05:00,2026-09-28T00:00-05:00,736,986,2026-09-27T21:00-05:00,falling,stable conditions expected,,,,,,rising,1938,2026-09-28T06:00-05:00,2026-09-28T09:38-05:00,60.1,6.7,0
2026-09-28T02:00-05:00,2026-09-28T01:00-05:00,729,1254,2026-09-27T22:00-05:00,stable,falling water expected soon,falling,736,2026-09-28T00:00-05:00,2026-09-28T03:44-05:00,,rising,1938,2026-09-28T06:00-05:00,2026-09-28T09:38-05:00,60.1,6.6,0
2026-09-28T03:00-05:00,2026-09-28T02:00-05:00,693,773,2026-09-27T23:00-05:00,stable,stable conditions expected,,,,,,rising,1938,2026-09-28T06:00-05:00,2026-09-28T09:38-05:00,60.3,6.7,0
2026-09-28T04:00-05:00,2026-09-28T03:00-05:00,690,736,2026-09-28T00:00-05:00,falling,stable conditions expected,,,,,,rising,1938,2026-09-28T06:00-05:00,2026-09-28T09:38-05:00,60.3,6.8,0
2026-09-28T05:00-05:00,2026-09-28T03:00-05:00,690,729,2026-09-28T01:00-05:00,stable,stable conditions expected,,,,,,rising,1938,2026-09-28T06:00-05:00,2026-09-28T09:38-05:00,60.3,6.8,0
2026-09-28T06:00-05:00,2026-09-28T05:00-05:00,666,693,2026-09-28T02:00-05:00,stable,stable conditions expected,,,,,,rising,1938,2026-09-28T06:00-05:00,2026-09-28T09:38-05:00,,,0
2026-09-28T07:00-05:00,2026-09-28T06:00-05:00,1538,690,2026-09-28T03:00-05:00,stable,rising water expected soon,rising,1538,2026-09-28T06:00-05:00,2026-09-28T09:44-05:00,,rising,2951,2026-09-28T13:00-05:00,2026-09-28T16:22-05:00,60.3,6.8,0
2026-09-28T08:00-05:00,2026-09-28T07:00-05:00,1933,655,2026-09-28T04:00-05:00,stable,rising water expected soon,rising,1538,2026-09-28T06:00-05:00,2026-09-28T09:44-05:00,,rising,2951,2026-09-28T13:00-05:00,2026-09-28T16:22-05:00,60.1,6.9,0
2026-09-28T09:00-05:00,2026-09-28T08:00-05:00,2139,666,2026-09-28T05:00-05:00,stable,rising water expected soon,rising,1538,2026-09-28T06:00-05:00,2026-09-28T09:44-05:00,,rising,2951,2026-09-28T13:00-05:00,2026-09-28T16:22-05:00,59.9,7.2,0
2026-09-28T10:00-05:00,2026-09-28T09:00-05:00,2058,1538,2026-09-28T06:00-05:00,rising,rising water expected soon,rising,2139,2026-09-28T08:00-05:00,2026-09-28T11:35-05:00,,rising,2951,2026-09-28T13:00-05:00,2026-09-28T16:22-05:00,59.9,7.9,0
2026-09-28T11:00-05:00,2026-09-28T10:00-05:00,2304,1933,2026-09-28T07:00-05:00,rising,stable conditions expected,,,,,,rising,2951,2026-09-28T13:00-05:00,2026-09-28T16:22-05:00,60.4,8.5,0
2026-09-28T12:00-05:00,2026-09-28T11:00-05:00,2361,2139,2026-09-28T08:00-05:00,rising,stable conditions expected,,,,,,rising,2951,2026-09-28T13:00-05:00,2026-09-28T16:22-05:00,60.8,9.1,0
2026-09-28T13:00-05:00,2026-09-28T12:00-05:00,2279,2058,2026-09-28T09:00-05:00,stable,stable conditions expected,,,,,,rising,2951,2026-09-28T13:00-05:00,2026-09-28T16:22-05:00,61.3,9.4,0
2026-09-28T14:00-05:00,2026-09-28T13:00-05:00,1953,2304,2026-09-28T10:00-05:00,stable,stable conditions expected,,,,,,rising,2951,2026-09-28T14:00-05:00,2026-09-28T17:22-05:00,62.2,9.6,0
2026-09-28T15:00-05:00,2026-09-28T14:00-05:00,1868,2361,2026-09-28T11:00-05:00,stable,stable conditions expected,,,,,,rising,2951,2026-09-28T18:00-05:00,2026-09-28T21:22-05:00,,,0
2026-09-28T16:00-05:00,2026-09-28T15:00-05:00,4282,2279,2026-09-28T12:00-05:00,stable,rising water expected soon,rising,4282,2026-09-28T15:00-05:00,2026-09-28T18:04-05:00,,falling,1938,2026-09-28T16:00-05:00,2026-09-28T19:38-05:00,,,0
2026-09-28T17:00-05:00,2026-09-28T16:00-05:00,4121,1953,2026-09-28T13:00-05:00,stable,rising water expected soon,rising,4282,2026-09-28T15:00-05:00,2026-09-28T18:04-05:00,,falling,1938,2026-09-28T17:00-05:00,2026-09-28T20:38-05:00,62.1,9.2,0
2026-09-28T18:00-05:00,2026-09-28T17:00-05:00,4642,1868,2026-09-28T14:00-05:00,stable,rising water expected soon,rising,4282,2026-09-28T15:00-05:00,2026-09-28T18:04-05:00,,falling,2951,2026-09-28T18:00-05:00,2026-09-28T21:22-05:00,60.6,8.2,0
2026-09-28T19:00-05:00,2026-09-28T18:00-05:00,5087,4282,2026-09-28T15:00-05:00,rising,stable conditions expected,,,,,,falling,1938,2026-09-28T19:00-05:00,2026-09-28T22:38-05:00,59.9,8.0,0
2026-09-28T20:00-05:00,2026-09-28T19:00-05:00,5162,4121,2026-09-28T16:00-05:00,rising,rising water expected soon,rising,5087,2026-09-28T18:00-05:00,2026-09-28T20:56-05:00,,falling,1938,2026-09-28T20:00-05:00,2026-09-28T23:38-05:00,59.4,7.5,0
2026-09-28T21:00-05:00,2026-09-28T20:00-05:00,3839,5087,2026-09-28T18:00-05:00,rising,falling water expected soon,falling,3839,2026-09-28T20:00-05:00,2026-09-28T22:55-05:00,2026-09-28T23:10-05:00,falling,1938,2026-09-28T21:00-05:00,2026-09-29T00:38-05:00,58.8,6.6,0
2026-09-28T22:00-05:00,2026-09-28T21:00-05:00,1839,5162,2026-09-28T19:00-05:00,stable,falling water expected soon,falling,3839,2026-09-28T20:00-05:00,2026-09-28T22:55-05:00,2026-09-28T23:10-05:00,falling,750,2026-09-28T22:00-05:00,2026-09-29T01:44-05:00,58.6,6.4,0
2026-09-28T23:00-05:00,2026-09-28T22:00-05:00,787,5162,2026-09-28T19:00-05:00,stable,falling water expected soon,falling,3839,2026-09-28T20:00-05:00,2026-09-28T22:55-05:00,2026-09-28T23:10-05:00,,,,,58.8,6.3,0
2026-09-29T00:00-05:00,2026-09-28T23:00-05:00,700,3839,2026-09-28T20:00-05:00,falling,falling water expected soon,falling,1839,2026-09-28T21:00-05:00,2026-09-29T00:10-05:00,2026-09-29T00:40-05:00,,,,,,,0
2026-09-29T01:00-05:00,2026-09-29T00:00-05:00,710,1839,2026-09-28T21:00-05:00,falling,falling water expected soon,falling,787,2026-09-28T22:00-05:00,2026-09-29T01:40-05:00,2026-09-29T01:44-05:00,,,,,59.5,6.6,0
2026-09-29T02:00-05:00,2026-09-29T01:00-05:00,689,787,2026-09-28T22:00-05:00,falling,stable conditions expected,,,,,,,,,,59.7,6.5,0
2026-09-29T03:00-05:00,2026-09-29T02:00-05:00,769,700,2026-09-28T23:00-05:00,falling,stable conditions expected,,,,,,,,,,59.7,6.4,0
2026-09-29T04:00-05:00,2026-09-29T03:00-05:00,763,710,2026-09-29T00:00-05:00,stable,stable conditions expected,,,,,,rising,2951,2026-09-29T06:00-05:00,2026-09-29T09:22-05:00,59.7,6.8,0
2026-09-29T05:00-05:00,2026-09-29T04:00-05:00,746,689,2026-09-29T01:00-05:00,stable,stable conditions expected,,,,,,rising,2951,2026-09-29T06:00-05:00,2026-09-29T09:22-05:00,59.7,6.9,0
2026-09-29T06:00-05:00,2026-09-29T05:00-05:00,708,769,2026-09-29T02:00-05:00,stable,stable conditions expected,,,,,,rising,2951,2026-09-29T06:00-05:00,2026-09-29T09:22-05:00,59.7,6.9,0
2026-09-29T07:00-05:00,2026-09-29T06:00-05:00,1154,763,2026-09-29T03:00-05:00,stable,stable conditions expected,,,,,,rising,2951,2026-09-29T07:00-05:00,2026-09-29T10:22-05:00,59.7,6.9,0
2026-09-29T08:00-05:00,2026-09-29T07:00-05:00,1867,746,2026-09-29T04:00-05:00,stable,rising water expected soon,rising,1867,2026-09-29T07:00-05:00,2026-09-29T10:40-05:00,,rising,2951,2026-09-29T13:00-05:00,2026-09-29T16:22-05:00,59.7,7.0,0
2026-09-29T09:00-05:00,2026-09-29T08:00-05:00,1684,708,2026-09-29T05:00-05:00,stable,rising water expected soon,rising,1867,2026-09-29T07:00-05:00,2026-09-29T10:40-05:00,,rising,2951,2026-09-29T13:00-05:00,2026-09-29T16:22-05:00,59.7,7.3,0
2026-09-29T10:00-05:00,2026-09-29T09:00-05:00,1254,1154,2026-09-29T06:00-05:00,stable,stable conditions expected,rising,1867,2026-09-29T07:00-05:00,2026-09-29T10:40-05:00,,rising,1938,2026-09-29T10:00-05:00,2026-09-29T13:38-05:00,59.7,7.4,0
2026-09-29T11:00-05:00,2026-09-29T10:00-05:00,1096,1867,2026-09-29T07:00-05:00,rising,falling water expected soon,falling,1254,2026-09-29T09:00-05:00,2026-09-29T12:44-05:00,,rising,1938,2026-09-29T11:00-05:00,2026-09-29T14:38-05:00,60.4,7.7,0
2026-09-29T12:00-05:00,2026-09-29T11:00-05:00,1370,1684,2026-09-29T08:00-05:00,rising,stable conditions expected,falling,1096,2026-09-29T10:00-05:00,2026-09-29T13:44-05:00,,rising,1938,2026-09-29T12:00-05:00,2026-09-29T15:38-05:00,,,0
2026-09-29T13:00-05:00,2026-09-29T12:00-05:00,1279,1254,2026-09-29T09:00-05:00,falling,stable conditions expected,,,,,,rising,2951,2026-09-29T13:00-05:00,2026-09-29T16:22-05:00,62.6,9.9,0
2026-09-29T14:00-05:00,2026-09-29T13:00-05:00,1258,1096,2026-09-29T10:00-05:00,falling,stable conditions expected,,,,,,rising,1938,2026-09-29T14:00-05:00,2026-09-29T17:38-05:00,63.3,10.4,0
2026-09-29T15:00-05:00,2026-09-29T14:00-05:00,3897,1370,2026-09-29T11:00-05:00,stable,rising water expected soon,rising,3897,2026-09-29T14:00-05:00,2026-09-29T17:09-05:00,,falling,1938,2026-09-29T15:00-05:00,2026-09-29T18:38-05:00,64.0,10.4,0
2026-09-29T16:00-05:00,2026-09-29T15:00-05:00,5211,1279,2026-09-29T12:00-05:00,stable,rising water expected soon,rising,3897,2026-09-29T14:00-05:00,2026-09-29T17:09-05:00,,falling,1938,2026-09-29T16:00-05:00,2026-09-29T19:38-05:00,63.9,10.4,0
2026-09-29T17:00-05:00,2026-09-29T16:00-05:00,7087,1258,2026-09-29T13:00-05:00,stable,rising water expected soon,rising,3897,2026-09-29T14:00-05:00,2026-09-29T17:09-05:00,,falling,4301,2026-09-29T18:00-05:00,2026-09-29T21:04-05:00,60.8,8.1,0
2026-09-29T18:00-05:00,2026-09-29T17:00-05:00,5056,5211,2026-09-29T15:00-05:00,rising,stable conditions expected,rising,7087,2026-09-29T16:00-05:00,2026-09-29T18:45-05:00,,falling,2951,2026-09-29T19:00-05:00,2026-09-29T22:22-05:00,59.9,7.6,0
2026-09-29T19:00-05:00,2026-09-29T18:00-05:00,7405,7087,2026-09-29T16:00-05:00,rising,stable conditions expected,falling,5056,2026-09-29T17:00-05:00,2026-09-29T19:45-05:00,2026-09-29T19:56-05:00,falling,2951,2026-09-29T19:00-05:00,2026-09-29T22:22-05:00,,,0
2026-09-29T20:00-05:00,2026-09-29T19:00-05:00,5071,5056,2026-09-29T17:00-05:00,stable,stable conditions expected,rising,7405,2026-09-29T18:00-05:00,2026-09-29T20:43-05:00,,falling,1938,2026-09-29T20:00-05:00,2026-09-29T23:38-05:00,58.6,6.2,0
2026-09-29T21:00-05:00,2026-09-29T20:00-05:00,958,7405,2026-09-29T18:00-05:00,stable,falling water expected soon,falling,5071,2026-09-29T19:00-05:00,2026-09-29T21:43-05:00,2026-09-29T21:56-05:00,rising,1938,2026-09-29T21:00-05:00,2026-09-30T00:38-05:00,58.5,5.7,0
2026-09-29T22:00-05:00,2026-09-29T21:00-05:00,927,5071,2026-09-29T19:00-05:00,stable,falling water expected soon,falling,958,2026-09-29T20:00-05:00,2026-09-29T22:56-05:00,2026-09-29T23:44-05:00,,,,,58.6,5.6,0
2026-09-29T23:00-05:00,2026-09-29T22:00-05:00,1255,5071,2026-09-29T19:00-05:00,stable,falling water expected soon,falling,958,2026-09-29T20:00-05:00,2026-09-29T22:56-05:00,2026-09-29T23:44-05:00,falling,750,2026-09-29T23:00-05:00,2026-09-30T02:44-05:00,59.2,5.9,0
2026-09-30T00:00-05:00,2026-09-29T23:00-05:00,746,958,2026-09-29T20:00-05:00,falling,stable conditions expected,,,,,,,,,,,,0
2026-09-30T01:00-05:00,2026-09-30T00:00-05:00,757,927,2026-09-29T21:00-05:00,falling,stable conditions expected,,,,,,,,,,59.7,6.5,0
2026-09-30T02:00-05:00,2026-09-30T01:00-05:00,745,1255,2026-09-29T22:00-05:00,stable,falling water expected soon,falling,746,2026-09-29T23:00-05:00,2026-09-30T02:44-05:00,2026-09-30T02:44-05:00,,,,,,,0
2026-09-30T03:00-05:00,2026-09-30T02:00-05:00,766,746,2026-09-29T23:00-05:00,stable,stable conditions expected,,,,,,,,,,60.1,6.3,0
2026-09-30T04:00-05:00,2026-09-30T03:00-05:00,746,757,2026-09-30T00:00-05:00,stable,stable conditions expected,,,,,,rising,2613,2026-09-30T06:00-05:00,2026-09-30T09:27-05:00,60.1,6.6,0
2026-09-30T05:00-05:00,2026-09-30T04:00-05:00,721,745,2026-09-30T01:00-05:00,stable,stable conditions expected,,,,,,rising,2613,2026-09-30T06:00-05:00,2026-09-30T09:27-05:00,60.1,6.7,0
2026-09-30T06:00-05:00,2026-09-30T05:00-05:00,727,766,2026-09-30T02:00-05:00,stable,stable conditions expected,,,,,,rising,2613,2026-09-30T06:00-05:00,2026-09-30T09:27-05:00,60.1,6.7,0
2026-09-30T07:00-05:00,2026-09-30T06:00-05:00,708,746,2026-09-30T03:00-05:00,stable,stable conditions expected,,,,,,rising,2613,2026-09-30T07:00-05:00,2026-09-30T10:27-05:00,60.1,6.7,0
2026-09-30T08:00-05:00,2026-09-30T07:00-05:00,2088,721,2026-09-30T04:00-05:00,stable,rising water expected soon,rising,2088,2026-09-30T07:00-05:00,2026-09-30T10:36-05:00,,rising,2613,2026-09-30T08:00-05:00,2026-09-30T11:27-05:00,60.1,6.8,0
2026-09-30T09:00-05:00,2026-09-30T08:00-05:00,1755,727,2026-09-30T05:00-05:00,stable,rising water expected soon,rising,2088,2026-09-30T07:00-05:00,2026-09-30T10:36-05:00,,rising,2613,2026-09-30T09:00-05:00,2026-09-30T12:27-05:00,60.1,7.0,0
2026-09-30T10:00-05:00,2026-09-30T09:00-05:00,1707,708,2026-09-30T06:00-05:00,stable,rising water expected soon,rising,2088,2026-09-30T07:00-05:00,2026-09-30T10:36-05:00,,rising,2613,2026-09-30T10:00-05:00,2026-09-30T13:27-05:00,,,0
2026-09-30T11:00-05:00,2026-09-30T10:00-05:00,1474,2088,2026-09-30T07:00-05:00,rising,falling water expected soon,falling,1474,2026-09-30T10:00-05:00,2026-09-30T13:44-05:00,,rising,2613,2026-09-30T11:00-05:00,2026-09-30T14:27-05:00,60.6,7.4,0
2026-09-30T12:00-05:00,2026-09-30T11:00-05:00,1715,1755,2026-09-30T08:00-05:00,rising,stable conditions expected,,,,,,rising,2613,2026-09-30T12:00-05:00,2026-09-30T15:27-05:00,61.5,8.3,0
2026-09-30T13:00-05:00,2026-09-30T12:00-05:00,1334,1707,2026-09-30T09:00-05:00,stable,stable conditions expected,,,,,,rising,2613,2026-09-30T13:00-05:00,2026-09-30T16:27-05:00,,,0
2026-09-30T14:00-05:00,2026-09-30T13:00-05:00,1559,1474,2026-09-30T10:00-05:00,stable,stable conditions expected,,,,,,rising,3964,2026-09-30T14:00-05:00,2026-09-30T17:08-05:00,63.0,9.6,0
2026-09-30T15:00-05:00,2026-09-30T14:00-05:00,1826,1715,2026-09-30T11:00-05:00,stable,stable conditions expected,,,,,,rising,3964,2026-09-30T15:00-05:00,2026-09-30T18:08-05:00,,,0
2026-09-30T16:00-05:00,2026-09-30T15:00-05:00,2814,1334,2026-09-30T12:00-05:00,stable,rising water expected soon,rising,2814,2026-09-30T15:00-05:00,2026-09-30T18:24-05:00,,rising,6327,2026-09-30T16:00-05:00,2026-09-30T18:49-05:00,,,0
2026-09-30T17:00-05:00,2026-09-30T16:00-05:00,5517,1559,2026-09-30T13:00-05:00,stable,rising water expected soon,rising,2814,2026-09-30T15:00-05:00,2026-09-30T18:24-05:00,,falling,2613,2026-09-30T20:00-05:00,2026-09-30T23:27-05:00,,,0
2026-09-30T18:00-05:00,2026-09-30T17:00-05:00,6175,1826,2026-09-30T14:00-05:00,stable,rising water expected soon,rising,2814,2026-09-30T15:00-05:00,2026-09-30T18:24-05:00,,falling,2613,2026-09-30T20:00-05:00,2026-09-30T23:27-05:00,60.4,8.6,0
2026-09-30T19:00-05:00,2026-09-30T18:00-05:00,3928,5517,2026-09-30T16:00-05:00,rising,falling water expected soon,falling,3928,2026-09-30T18:00-05:00,2026-09-30T20:50-05:00,2026-09-30T21:09-05:00,rising,5652,2026-09-30T19:00-05:00,2026-09-30T21:52-05:00,59.4,6.7,0
2026-09-30T20:00-05:00,2026-09-30T19:00-05:00,2942,6175,2026-09-30T17:00-05:00,rising,falling water expected soon,falling,3928,2026-09-30T18:00-05:00,2026-09-30T20:50-05:00,2026-09-30T21:09-05:00,falling,750,2026-09-30T22:00-05:00,2026-10-01T01:44-05:00,59.4,6.5,0
2026-09-30T21:00-05:00,2026-09-30T20:00-05:00,1951,6175,2026-09-30T17:00-05:00,rising,falling water expected soon,falling,3928,2026-09-30T18:00-05:00,2026-09-30T20:50-05:00,2026-09-30T21:09-05:00,rising,2613,2026-09-30T21:00-05:00,2026-10-01T00:27-05:00,,,0
2026-09-30T22:00-05:00,2026-09-30T21:00-05:00,1150,3928,2026-09-30T18:00-05:00,falling,falling water expected soon,falling,2942,2026-09-30T19:00-05:00,2026-09-30T22:09-05:00,2026-09-30T22:22-05:00,,,,,59.5,7.0,0
2026-09-30T23:00-05:00,2026-09-30T22:00-05:00,1389,2942,2026-09-30T19:00-05:00,falling,falling water expected soon,falling,1951,2026-09-30T20:00-05:00,2026-09-30T23:22-05:00,2026-09-30T23:38-05:00,falling,750,2026-09-30T23:00-05:00,2026-10-01T02:44-05:00,,,0
2026-10-01T00:00-05:00,2026-09-30T23:00-05:00,666,1951,2026-09-30T20:00-05:00,falling,falling water expected soon,falling,1150,2026-09-30T21:00-05:00,2026-10-01T00:38-05:00,2026-10-01T00:44-05:00,,,,,59.9,7.0,0
2026-10-01T01:00-05:00,2026-10-01T00:00-05:00,834,1150,2026-09-30T21:00-05:00,falling,stable conditions expected,,,,,,,,,,60.1,6.9,0
2026-10-01T02:00-05:00,2026-10-01T01:00-05:00,712,1389,2026-09-30T22:00-05:00,falling,falling water expected soon,falling,666,2026-09-30T23:00-05:00,2026-10-01T02:44-05:00,2026-10-01T02:44-05:00,,,,,60.1,6.6,0
2026-10-01T03:00-05:00,2026-10-01T02:00-05:00,776,666,2026-09-30T23:00-05:00,stable,stable conditions expected,,,,,,,,,,60.3,6.5,0
2026-10-01T04:00-05:00,2026-10-01T03:00-05:00,688,834,2026-10-01T00:00-05:00,falling,stable conditions expected,,,,,,,,,,60.3,6.7,0
2026-10-01T05:00-05:00,2026-10-01T04:00-05:00,780,712,2026-10-01T01:00-05:00,stable,stable conditions expected,,,,,,,,,,60.3,6.8,0
2026-10-01T06:00-05:00,2026-10-01T05:00-05:00,748,776,2026-10-01T02:00-05:00,stable,stable conditions expected,,,,,,,,,,60.3,6.9,0
2026-10-01T07:00-05:00,2026-10-01T06:00-05:00,699,688,2026-10-01T03:00-05:00,stable,stable conditions expected,,,,,,,,,,60.3,6.9,0
2026-10-01T08:00-05:00,2026-10-01T07:00-05:00,897,780,2026-10-01T04:00-05:00,stable,stable conditions expected,,,,,,,,,,60.3,6.9,0
2026-10-01T09:00-05:00,2026-10-01T08:00-05:00,1133,748,2026-10-01T05:00-05:00,stable,stable conditions expected,,,,,,,,,,60.3,7.1,0
2026-10-01T10:00-05:00,2026-10-01T09:00-05:00,974,699,2026-10-01T06:00-05:00,stable,stable conditions expected,,,,,,,,,,60.4,7.6,0
2026-10-01T11:00-05:00,2026-10-01T10:00-05:00,1154,897,2026-10-01T07:00-05:00,stable,stable conditions expected,,,,,,,,,,61.3,8.4,0
2026-10-01T12:00-05:00,2026-10-01T11:00-05:00,1055,1133,2026-10-01T08:00-05:00,stable,stable conditions expected,,,,,,,,,,62.1,9.2,0
2026-10-01T13:00-05:00,2026-10-01T12:00-05:00,2296,974,2026-10-01T09:00-05:00,stable,rising water expected soon,rising,2296,2026-10-01T12:00-05:00,2026-10-01T15:32-05:00,,,,,,62.8,10.0,0
2026-10-01T14:00-05:00,2026-10-01T12:00-05:00,2296,1154,2026-10-01T10:00-05:00,stable,rising water expected soon,rising,2296,2026-10-01T12:00-05:00,2026-10-01T15:32-05:00,,,,,,63.9,10.4,1
2026-10-01T15:00-05:00,2026-10-01T12:00-05:00,2296,1055,2026-10-01T11:00-05:00,stable,rising water expected soon,rising,2296,2026-10-01T12:00-05:00,2026-10-01T15:32-05:00,,,,,,63.5,9.6,1
2026-10-01T16:00-05:00,2026-10-01T12:00-05:00,2296,2296,2026-10-01T12:00-05:00,rising,conditions should remain similar,,,,,,,,,,62.6,8.8,1
2026-10-01T17:00-05:00,2026-10-01T12:00-05:00,2296,2296,2026-10-01T12:00-05:00,rising,conditions should remain similar,,,,,,,,,,61.2,8.3,0
2026-10-01T18:00-05:00,2026-10-01T12:00-05:00,2296,2296,2026-10-01T12:00-05:00,rising,conditions should remain similar,,,,,,,,,,,,1
2026-10-01T19:00-05:00,2026-10-01T12:00-05:00,2296,2296,2026-10-01T12:00-05:00,rising,conditions should remain similar,,,,,,,,,,58.8,5.1,1
2026-10-01T20:00-05:00,2026-10-01T12:00-05:00,2296,2296,2026-10-01T12:00-05:00,rising,conditions should remain similar,,,,,,rising,5314,2026-10-01T20:00-05:00,2026-10-01T22:54-05:00,58.8,4.1,1
2026-10-01T21:00-05:00,2026-10-01T12:00-05:00,2296,2296,2026-10-01T12:00-05:00,rising,conditions should remain similar,,,,,,falling,750,2026-10-01T22:00-05:00,2026-10-02T01:44-05:00,58.6,4.1,1
2026-10-01T22:00-05:00,2026-10-01T12:00-05:00,2296,2296,2026-10-01T12:00-05:00,rising,conditions should remain similar,,,,,,falling,750,2026-10-01T22:00-05:00,2026-10-02T01:44-05:00,58.8,4.7,1
2026-10-01T23:00-05:00,2026-10-01T12:00-05:00,2296,2296,2026-10-01T12:00-05:00,rising,conditions should remain similar,,,,,,falling,750,2026-10-01T23:00-05:00,2026-10-02T02:44-05:00,59.0,5.5,1
2026-10-02T00:00-05:00,2026-10-01T12:00-05:00,2296,2296,2026-10-01T12:00-05:00,rising,conditions should remain similar,,,,,,falling,750,2026-10-02T00:00-05:00,2026-10-02T03:44-05:00,,,1
2026-10-02T01:00-05:00,2026-10-01T12:00-05:00,2296,2296,2026-10-01T12:00-05:00,rising,conditions should remain similar,,,,,,falling,750,2026-10-02T01:00-05:00,2026-10-02T04:44-05:00,59.5,6.2,1
2026-10-02T02:00-05:00,2026-10-01T12:00-05:00,2296,2296,2026-10-01T12:00-05:00,rising,conditions should remain similar,,,,,,falling,750,2026-10-02T02:00-05:00,2026-10-02T05:44-05:00,59.9,6.6,1
2026-10-02T03:00-05:00,2026-10-01T12:00-05:00,2296,2296,2026-10-01T12:00-05:00,rising,conditions should remain similar,,,,,,falling,750,2026-10-02T03:00-05:00,2026-10-02T06:44-05:00,60.4,6.8,1
2026-10-02T04:00-05:00,2026-10-01T12:00-05:00,2296,2296,2026-10-01T12:00-05:00,rising,conditions should remain similar,,,,,,falling,750,2026-10-02T04:00-05:00,2026-10-02T07:44-05:00,60.6,7.0,1
2026-10-02T05:00-05:00,2026-10-01T12:00-05:00,2296,2296,2026-10-01T12:00-05:00,rising,conditions should remain similar,,,,,,falling,750,2026-10-02T05:00-05:00,2026-10-02T08:44-05:00,60.8,7.0,1
2026-10-02T06:00-05:00,2026-10-01T12:00-05:00,2296,2296,2026-10-01T12:00-05:00,rising,conditions should remain similar,,,,,,falling,750,2026-10-02T06:00-05:00,2026-10-02T09:44-05:00,61.0,7.3,1
2026-10-02T07:00-05:00,2026-10-01T12:00-05:00,2296,2296,2026-10-01T12:00-05:00,rising,conditions should remain similar,,,,,,falling,750,2026-10-02T07:00-05:00,2026-10-02T10:44-05:00,61.2,7.5,1
2026-10-02T08:00-05:00,2026-10-01T12:00-05:00,2296,2296,2026-10-01T12:00-05:00,rising,conditions should remain similar,,,,,,falling,750,2026-10-02T08:00-05:00,2026-10-02T11:44-05:00,61.2,7.6,1
2026-10-02T09:00-05:00,2026-10-01T12:00-05:00,2296,2296,2026-10-01T12:00-05:00,rising,conditions should remain similar,,,,,,falling,750,2026-10-02T09:00-05:00,2026-10-02T12:44-05:00,61.2,7.5,1
2026-10-02T10:00-05:00,2026-10-01T12:00-05:00,2296,2296,2026-10-01T12:00-05:00,rising,conditions should remain similar,,,,,,falling,750,2026-10-02T10:00-05:00,2026-10-02T13:44-05:00,61.2,7.6,1
2026-10-02T11:00-05:00,2026-10-01T12:00-05:00,2296,2296,2026-10-01T12:00-05:00,rising,conditions should remain similar,,,,,,falling,750,2026-10-02T11:00-05:00,2026-10-02T14:44-05:00,61.2,7.8,1
2026-10-05T15:00-05:00,2026-10-05T11:50-05:00,723,775,2026-10-05T10:50-05:00,stable,stable conditions expected,,,,,,rising,2951,2026-10-05T15:00-05:00,2026-10-05T18:22-05:00,65.3,11.5,0
2026-10-05T16:00-05:00,2026-10-05T14:00-05:00,660,723,2026-10-05T12:00-05:00,stable,stable conditions expected,,,,,,rising,8352,2026-10-05T16:00-05:00,2026-10-05T18:39-05:00,,,0
2026-10-05T16:21-05:00,2026-10-05T14:00-05:00,660,723,2026-10-05T12:00-05:00,stable,stable conditions expected,,,,,,rising,8352,2026-10-05T16:00-05:00,2026-10-05T18:39-05:00,66.0,11.6,0
2026-10-05T16:28-05:00,2026-10-05T14:00-05:00,660,723,2026-10-05T12:00-05:00,stable,stable conditions expected,,,,,,rising,8352,2026-10-05T16:00-05:00,2026-10-05T18:39-05:00,66.0,11.6,0
2026-10-05T16:34-05:00,2026-10-05T14:00-05:00,660,723,2026-10-05T12:00-05:00,stable,stable conditions expected,,,,,,rising,8352,2026-10-05T16:00-05:00,2026-10-05T18:39-05:00,66.0,11.6,0
2026-10-05T16:38-05:00,2026-10-05T14:00-05:00,660,723,2026-10-05T12:00-05:00,stable,stable conditions expected,,,,,,rising,8352,2026-10-05T16:00-05:00,2026-10-05T18:39-05:00,66.0,11.6,0
2026-10-05T17:00-05:00,2026-10-05T15:00-05:00,802,691,2026-10-05T13:00-05:00,stable,stable conditions expected,,,,,,rising,14429,2026-10-05T17:00-05:00,2026-10-05T19:15-05:00,66.0,11.6,0
2026-10-05T17:19-05:00,2026-10-05T15:00-05:00,802,691,2026-10-05T13:00-05:00,stable,stable conditions expected,,,,,,rising,14429,2026-10-05T17:00-05:00,2026-10-05T19:15-05:00,64.9,11.2,0
2026-10-05T18:00-05:00,2026-10-05T17:00-05:00,10523,660,2026-10-05T14:00-05:00,stable,rising water expected soon,rising,3816,2026-10-05T16:00-05:00,2026-10-05T19:10-05:00,,rising,15104,2026-10-05T18:00-05:00,2026-10-05T20:13-05:00,,,0
2026-10-05T19:00-05:00,2026-10-05T18:00-05:00,13342,802,2026-10-05T15:00-05:00,stable,rising water expected soon,rising,3816,2026-10-05T16:00-05:00,2026-10-05T19:10-05:00,,falling,8352,2026-10-05T19:00-05:00,2026-10-05T21:39-05:00,59.2,6.6,0
2026-10-05T20:00-05:00,2026-10-05T19:00-05:00,10877,10523,2026-10-05T17:00-05:00,rising,stable conditions expected,rising,13342,2026-10-05T18:00-05:00,2026-10-05T20:19-05:00,,falling,1600,2026-10-05T20:00-05:00,2026-10-05T23:44-05:00,58.3,4.9,0
2026-10-05T21:00-05:00,2026-10-05T20:00-05:00,3071,13342,2026-10-05T18:00-05:00,rising,falling water expected soon,falling,10877,2026-10-05T19:00-05:00,2026-10-05T21:19-05:00,2026-10-05T21:28-05:00,falling,750,2026-10-05T21:00-05:00,2026-10-06T00:44-05:00,58.3,4.6,0
2026-10-05T22:00-05:00,2026-10-05T21:00-05:00,786,10877,2026-10-05T19:00-05:00,stable,falling water expected soon,falling,3071,2026-10-05T20:00-05:00,2026-10-05T22:28-05:00,2026-10-05T23:20-05:00,,,,,58.5,4.6,0
2026-10-05T23:00-05:00,2026-10-05T22:00-05:00,734,10877,2026-10-05T19:00-05:00,stable,falling water expected soon,falling,3071,2026-10-05T20:00-05:00,2026-10-05T22:28-05:00,2026-10-05T23:20-05:00,,,,,58.6,4.6,0
2026-10-06T00:00-05:00,2026-10-05T23:00-05:00,674,3071,2026-10-05T20:00-05:00,falling,falling water expected soon,falling,786,2026-10-05T21:00-05:00,2026-10-06T00:20-05:00,2026-10-06T00:44-05:00,,,,,,,0
2026-10-06T01:00-05:00,2026-10-06T00:00-05:00,740,786,2026-10-05T21:00-05:00,falling,stable conditions expected,,,,,,,,,,59.2,5.7,0
2026-10-06T02:00-05:00,2026-10-06T01:00-05:00,696,734,2026-10-05T22:00-05:00,falling,stable conditions expected,,,,,,,,,,59.4,6.5,0
2026-10-06T03:00-05:00,2026-10-06T02:00-05:00,701,674,2026-10-05T23:00-05:00,stable,stable conditions expected,,,,,,,,,,59.4,6.8,0
2026-10-06T04:00-05:00,2026-10-06T03:00-05:00,695,740,2026-10-06T00:00-05:00,stable,stable conditions expected,,,,,,rising,7002,2026-10-06T16:00-05:00,2026-10-06T18:45-05:00,59.4,7.0,0
2026-10-06T05:00-05:00,2026-10-06T04:00-05:00,700,696,2026-10-06T01:00-05:00,stable,stable conditions expected,,,,,,rising,7002,2026-10-06T16:00-05:00,2026-10-06T18:45-05:00,59.4,7.0,0
2026-10-06T06:00-05:00,2026-10-06T04:00-05:00,700,701,2026-10-06T02:00-05:00,stable,stable conditions expected,,,,,,rising,7002,2026-10-06T16:00-05:00,2026-10-06T18:45-05:00,59.5,7.0,0
2026-10-06T07:00-05:00,2026-10-06T06:00-05:00,676,695,2026-10-06T03:00-05:00,stable,stable conditions expected,,,,,,rising,7002,2026-10-06T16:00-05:00,2026-10-06T18:45-05:00,,,0
2026-10-06T08:00-05:00,2026-10-06T07:00-05:00,693,700,2026-10-06T04:00-05:00,stable,stable conditions expected,,,,,,rising,7002,2026-10-06T16:00-05:00,2026-10-06T18:45-05:00,,,0
2026-10-06T09:00-05:00,2026-10-06T08:00-05:00,770,763,2026-10-06T05:00-05:00,stable,stable conditions expected,,,,,,rising,7002,2026-10-06T16:00-05:00,2026-10-06T18:45-05:00,59.5,7.2,0
2026-10-06T10:00-05:00,2026-10-06T09:00-05:00,725,676,2026-10-06T06:00-05:00,stable,stable conditions expected,,,,,,rising,7002,2026-10-06T16:00-05:00,2026-10-06T18:45-05:00,,,0
2026-10-06T11:00-05:00,2026-10-06T10:00-05:00,713,693,2026-10-06T07:00-05:00,stable,stable conditions expected,,,,,,rising,7002,2026-10-06T16:00-05:00,2026-10-06T18:45-05:00,60.4,8.9,0
2026-10-06T12:00-05:00,2026-10-06T11:00-05:00,746,770,2026-10-06T08:00-05:00,stable,stable conditions expected,,,,,,rising,7002,2026-10-06T16:00-05:00,2026-10-06T18:45-05:00,61.7,9.9,0
2026-10-06T13:00-05:00,2026-10-06T12:00-05:00,695,725,2026-10-06T09:00-05:00,stable,stable conditions expected,,,,,,rising,7002,2026-10-06T16:00-05:00,2026-10-06T18:45-05:00,,,0
2026-10-06T14:00-05:00,2026-10-06T13:00-05:00,759,713,2026-10-06T10:00-05:00,stable,stable conditions expected,,,,,,rising,7002,2026-10-06T16:00-05:00,2026-10-06T18:45-05:00,,,0
2026-10-06T15:00-05:00,2026-10-06T14:00-05:00,712,746,2026-10-06T11:00-05:00,stable,stable conditions expected,,,,,,rising,7002,2026-10-06T16:00-05:00,2026-10-06T18:45-05:00,,,0
2026-10-06T16:00-05:00,2026-10-06T15:00-05:00,681,695,2026-10-06T12:00-05:00,stable,stable conditions expected,,,,,,rising,7002,2026-10-06T16:00-05:00,2026-10-06T18:45-05:00,,,0
2026-10-06T17:00-05:00,2026-10-06T16:00-05:00,3730,759,2026-10-06T13:00-05:00,stable,rising water expected soon,rising,3730,2026-10-06T16:00-05:00,2026-10-06T19:11-05:00,,rising,13754,2026-10-06T17:00-05:00,2026-10-06T19:18-05:00,66.0,11.8,0
2026-10-06T18:00-05:00,2026-10-06T17:00-05:00,9600,712,2026-10-06T14:00-05:00,stable,rising water expected soon,rising,3730,2026-10-06T16:00-05:00,2026-10-06T19:11-05:00,,rising,18480,2026-10-06T18:00-05:00,2026-10-06T20:02-05:00,,,0
2026-10-06T19:00-05:00,2026-10-06T18:00-05:00,14041,681,2026-10-06T15:00-05:00,stable,rising water expected soon,rising,3730,2026-10-06T16:00-05:00,2026-10-06T19:11-05:00,,falling,7002,2026-10-06T20:00-05:00,2026-10-06T22:45-05:00,59.4,6.5,0
2026-10-06T20:00-05:00,2026-10-06T19:00-05:00,12209,9600,2026-10-06T17:00-05:00,rising,rising water expected soon,rising,14041,2026-10-06T18:00-05:00,2026-10-06T20:17-05:00,,falling,7002,2026-10-06T20:00-05:00,2026-10-06T22:45-05:00,,,0
2026-10-06T21:00-05:00,2026-10-06T20:00-05:00,6433,14041,2026-10-06T18:00-05:00,rising,falling water expected soon,falling,6433,2026-10-06T20:00-05:00,2026-10-06T22:23-05:00,2026-10-06T22:48-05:00,falling,750,2026-10-06T21:00-05:00,2026-10-07T00:44-05:00,,,0
2026-10-06T22:00-05:00,2026-10-06T21:00-05:00,730,12209,2026-10-06T19:00-05:00,rising,falling water expected soon,falling,6433,2026-10-06T20:00-05:00,2026-10-06T22:23-05:00,2026-10-06T22:48-05:00,rising,7002,2026-10-07T13:00-05:00,2026-10-07T15:45-05:00,58.3,4.6,0
2026-10-06T23:00-05:00,2026-10-06T22:00-05:00,645,6433,2026-10-06T20:00-05:00,falling,falling water expected soon,falling,730,2026-10-06T21:00-05:00,2026-10-06T23:48-05:00,2026-10-07T00:44-05:00,rising,7002,2026-10-07T13:00-05:00,2026-10-07T15:45-05:00,58.5,4.7,0
2026-10-07T00:00-05:00,2026-10-06T23:00-05:00,650,6433,2026-10-06T20:00-05:00,falling,falling water expected soon,falling,730,2026-10-06T21:00-05:00,2026-10-06T23:48-05:00,2026-10-07T00:44-05:00,rising,7002,2026-10-07T13:00-05:00,2026-10-07T15:45-05:00,58.8,5.1,0
2026-10-07T01:00-05:00,2026-10-07T00:00-05:00,671,730,2026-10-06T21:00-05:00,falling,stable conditions expected,,,,,,rising,7002,2026-10-07T13:00-05:00,2026-10-07T15:45-05:00,,,0
2026-10-07T02:00-05:00,2026-10-07T01:00-05:00,654,645,2026-10-06T22:00-05:00,falling,stable conditions expected,,,,,,rising,7002,2026-10-07T13:00-05:00,2026-10-07T15:45-05:00,59.2,5.5,0
2026-10-07T03:00-05:00,2026-10-07T02:00-05:00,664,650,2026-10-06T23:00-05:00,stable,stable conditions expected,,,,,,rising,7002,2026-10-07T13:00-05:00,2026-10-07T15:45-05:00,59.4,6.2,0
2026-10-07T04:00-05:00,2026-10-07T03:00-05:00,669,671,2026-10-07T00:00-05:00,stable,stable conditions expected,,,,,,rising,7002,2026-10-07T13:00-05:00,2026-10-07T15:45-05:00,59.4,6.6,0
2026-10-07T05:00-05:00,2026-10-07T04:00-05:00,707,654,2026-10-07T01:00-05:00,stable,stable conditions expected,,,,,,rising,7002,2026-10-07T13:00-05:00,2026-10-07T15:45-05:00,,,0
2026-10-07T06:00-05:00,2026-10-07T05:00-05:00,643,664,2026-10-07T02:00-05:00,stable,stable conditions expected,,,,,,rising,7002,2026-10-07T13:00-05:00,2026-10-07T15:45-05:00,,,0
2026-10-07T07:00-05:00,2026-10-07T06:00-05:00,684,669,2026-10-07T03:00-05:00,stable,stable conditions expected,,,,,,rising,7002,2026-10-07T13:00-05:00,2026-10-07T15:45-05:00,,,0
2026-10-07T08:00-05:00,2026-10-07T07:00-05:00,662,707,2026-10-07T04:00-05:00,stable,stable conditions expected,,,,,,rising,7002,2026-10-07T13:00-05:00,2026-10-07T15:45-05:00,,,0
2026-10-07T09:00-05:00,2026-10-07T08:00-05:00,681,643,2026-10-07T05:00-05:00,stable,stable conditions expected,,,,,,rising,7002,2026-10-07T13:00-05:00,2026-10-07T15:45-05:00,59.2,6.9,0
2026-10-07T10:00-05:00,2026-10-07T09:00-05:00,634,684,2026-10-07T06:00-05:00,stable,stable conditions expected,,,,,,rising,7002,2026-10-07T13:00-05:00,2026-10-07T15:45-05:00,,,0
2026-10-07T11:00-05:00,2026-10-07T10:00-05:00,674,662,2026-10-07T07:00-05:00,stable,stable conditions expected,,,,,,rising,7002,2026-10-07T13:00-05:00,2026-10-07T15:45-05:00,60.3,8.8,0
2026-10-07T12:00-05:00,2026-10-07T11:00-05:00,681,681,2026-10-07T08:00-05:00,stable,stable conditions expected,,,,,,rising,7002,2026-10-07T13:00-05:00,2026-10-07T15:45-05:00,61.3,9.8,0
2026-10-07T13:00-05:00,2026-10-07T12:00-05:00,654,634,2026-10-07T09:00-05:00,stable,stable conditions expected,,,,,,rising,7002,2026-10-07T13:00-05:00,2026-10-07T15:45-05:00,62.8,10.6,0
2026-10-07T14:00-05:00,2026-10-07T13:00-05:00,645,674,2026-10-07T10:00-05:00,stable,stable conditions expected,,,,,,rising,10378,2026-10-07T14:00-05:00,2026-10-07T16:30-05:00,64.2,11.2,0
2026-10-07T15:00-05:00,2026-10-07T14:00-05:00,1068,681,2026-10-07T11:00-05:00,stable,stable conditions expected,,,,,,rising,13754,2026-10-07T15:00-05:00,2026-10-07T17:18-05:00,,,0
2026-10-07T16:00-05:00,2026-10-07T14:00-05:00,1068,654,2026-10-07T12:00-05:00,stable,stable conditions expected,,,,,,rising,17130,2026-10-07T16:00-05:00,2026-10-07T18:07-05:00,66.0,11.7,0
2026-10-07T17:00-05:00,2026-10-07T16:00-05:00,9710,645,2026-10-07T13:00-05:00,stable,rising water expected soon,rising,4938,2026-10-07T15:00-05:00,2026-10-07T17:56-05:00,,rising,16455,2026-10-07T17:00-05:00,2026-10-07T19:09-05:00,64.6,10.9,0
2026-10-07T17:12-05:00,2026-10-07T16:00-05:00,9710,645,2026-10-07T13:00-05:00,stable,rising water expected soon,rising,4938,2026-10-07T15:00-05:00,2026-10-07T17:56-05:00,,rising,16455,2026-10-07T17:00-05:00,2026-10-07T19:09-05:00,59.5,7.3,0
2026-10-07T18:00-05:00,2026-10-07T17:00-05:00,11930,4938,2026-10-07T15:00-05:00,rising,rising water expected soon,rising,9710,2026-10-07T16:00-05:00,2026-10-07T18:33-05:00,,rising,16455,2026-10-07T18:00-05:00,2026-10-07T20:09-05:00,59.5,7.3,0
2026-10-07T18:16-05:00,2026-10-07T17:00-05:00,11930,9710,2026-10-07T16:00-05:00,rising,rising water expected soon,rising,11930,2026-10-07T17:00-05:00,2026-10-07T18:43-05:00,,rising,16455,2026-10-07T18:00-05:00,2026-10-07T19:32-05:00,58.8,6.7,0
2026-10-07T18:17-05:00,2026-10-07T17:00-05:00,11930,9710,2026-10-07T16:00-05:00,rising,rising water expected soon,rising,11930,2026-10-07T17:00-05:00,2026-10-07T18:43-05:00,,rising,16455,2026-10-07T18:00-05:00,2026-10-07T19:32-05:00,58.8,6.7,0
2026-10-07T18:23-05:00,2026-10-07T17:00-05:00,11930,9710,2026-10-07T16:00-05:00,rising,rising water expected soon,rising,11930,2026-10-07T17:00-05:00,2026-10-07T18:43-05:00,,rising,16455,2026-10-07T18:00-05:00,2026-10-07T19:32-05:00,58.8,6.7,0
2026-10-07T18:30-05:00,2026-10-07T17:00-05:00,11930,9710,2026-10-07T16:00-05:00,rising,rising water expected soon,rising,11930,2026-10-07T17:00-05:00,2026-10-07T18:43-05:00,,rising,16455,2026-10-07T18:00-05:00,2026-10-07T19:32-05:00,58.8,6.7,0
2026-10-07T18:45-05:00,2026-10-07T17:00-05:00,11930,11930,2026-10-07T17:00-05:00,rising,rising water expected soon,,,,,,rising,16455,2026-10-07T18:00-05:00,2026-10-07T19:32-05:00,58.8,6.7,0
2026-10-07T19:00-05:00,2026-10-07T18:00-05:00,15574,11930,2026-10-07T17:00-05:00,rising,rising water expected soon,rising,15574,2026-10-07T18:00-05:00,2026-10-07T19:34-05:00,,falling,6327,2026-10-07T20:00-05:00,2026-10-07T22:49-05:00,58.8,6.7,0
2026-10-07T19:15-05:00,2026-10-07T18:00-05:00,15574,11930,2026-10-07T17:00-05:00,rising,rising water expected soon,rising,15574,2026-10-07T18:00-05:00,2026-10-07T19:34-05:00,,falling,6327,2026-10-07T20:00-05:00,2026-10-07T22:49-05:00,58.6,4.6,0
2026-10-07T19:30-05:00,2026-10-07T18:00-05:00,15574,11930,2026-10-07T17:00-05:00,rising,rising water expected soon,rising,15574,2026-10-07T18:00-05:00,2026-10-07T19:34-05:00,,falling,6327,2026-10-07T20:00-05:00,2026-10-07T22:49-05:00,58.6,4.6,0
2026-10-07T19:45-05:00,2026-10-07T18:00-05:00,15574,15574,2026-10-07T18:00-05:00,rising,rising water expected soon,,,,,,falling,6327,2026-10-07T20:00-05:00,2026-10-07T22:49-05:00,58.6,4.6,0
2026-10-07T20:00-05:00,2026-10-07T19:00-05:00,11048,15574,2026-10-07T18:00-05:00,rising,stable conditions expected,falling,11048,2026-10-07T19:00-05:00,2026-10-07T21:12-05:00,2026-10-07T21:28-05:00,falling,6327,2026-10-07T20:00-05:00,2026-10-07T22:49-05:00,58.6,4.6,0
2026-10-07T20:15-05:00,2026-10-07T19:00-05:00,11048,15574,2026-10-07T18:00-05:00,rising,falling water expected soon,falling,11048,2026-10-07T19:00-05:00,2026-10-07T21:12-05:00,2026-10-07T21:28-05:00,falling,6327,2026-10-07T20:00-05:00,2026-10-07T22:49-05:00,58.6,4.5,0
2026-10-07T20:31-05:00,2026-10-07T19:00-05:00,11048,15574,2026-10-07T18:00-05:00,rising,falling water expected soon,falling,11048,2026-10-07T19:00-05:00,2026-10-07T21:12-05:00,2026-10-07T21:28-05:00,falling,6327,2026-10-07T20:00-05:00,2026-10-07T22:49-05:00,58.6,4.5,0
2026-10-07T20:42-05:00,2026-10-07T19:00-05:00,11048,11048,2026-10-07T19:00-05:00,stable,conditions should remain similar,,,,,,falling,6327,2026-10-07T20:00-05:00,2026-10-07T22:49-05:00,58.6,4.5,0
2026-10-07T20:45-05:00,2026-10-07T19:00-05:00,11048,11048,2026-10-07T19:00-05:00,stable,conditions should remain similar,,,,,,falling,6327,2026-10-07T20:00-05:00,2026-10-07T22:49-05:00,58.6,4.5,0
2026-10-07T21:00-05:00,2026-10-07T20:00-05:00,9975,11048,2026-10-07T19:00-05:00,stable,stable conditions expected,,,,,,falling,750,2026-10-07T21:00-05:00,2026-10-08T00:44-05:00,58.6,4.5,0
2026-10-07T21:15-05:00,2026-10-07T20:00-05:00,9975,11048,2026-10-07T19:00-05:00,stable,stable conditions expected,,,,,,falling,750,2026-10-07T21:00-05:00,2026-10-08T00:44-05:00,58.6,4.6,0
2026-10-07T21:30-05:00,2026-10-07T20:00-05:00,9975,11048,2026-10-07T19:00-05:00,stable,stable conditions expected,,,,,,falling,750,2026-10-07T21:00-05:00,2026-10-08T00:44-05:00,58.6,4.6,0
2026-10-07T21:45-05:00,2026-10-07T20:00-05:00,9975,9975,2026-10-07T20:00-05:00,falling,conditions should remain similar,,,,,,falling,750,2026-10-07T21:00-05:00,2026-10-08T00:44-05:00,58.6,4.6,0
2026-10-07T22:00-05:00,2026-10-07T21:00-05:00,2544,9975,2026-10-07T20:00-05:00,falling,falling water expected soon,falling,2544,2026-10-07T20:00-05:00,2026-10-07T22:32-05:00,2026-10-07T23:28-05:00,falling,750,2026-10-07T22:00-05:00,2026-10-08T01:44-05:00,58.6,4.6,0
2026-10-07T22:15-05:00,2026-10-07T21:00-05:00,2544,9975,2026-10-07T20:00-05:00,falling,falling water expected soon,falling,2544,2026-10-07T20:00-05:00,2026-10-07T22:32-05:00,2026-10-07T23:28-05:00,falling,750,2026-10-07T22:00-05:00,2026-10-08T01:44-05:00,58.8,4.7,0
2026-10-07T22:30-05:00,2026-10-07T21:00-05:00,2544,9975,2026-10-07T20:00-05:00,falling,falling water expected soon,falling,2544,2026-10-07T20:00-05:00,2026-10-07T22:32-05:00,2026-10-07T23:28-05:00,falling,750,2026-10-07T22:00-05:00,2026-10-08T01:44-05:00,58.8,4.7,0
2026-10-07T22:45-05:00,2026-10-07T21:00-05:00,2544,9975,2026-10-07T20:00-05:00,falling,falling water expected soon,falling,2544,2026-10-07T20:00-05:00,2026-10-07T22:32-05:00,2026-10-07T23:28-05:00,falling,750,2026-10-07T22:00-05:00,2026-10-08T01:44-05:00,58.8,4.7,0
2026-10-07T23:00-05:00,2026-10-07T22:00-05:00,642,9975,2026-10-07T20:00-05:00,falling,falling water expected soon,falling,2544,2026-10-07T20:00-05:00,2026-10-07T22:32-05:00,2026-10-07T23:28-05:00,,,,,58.8,4.7,0
2026-10-07T23:15-05:00,2026-10-07T22:00-05:00,642,9975,2026-10-07T20:00-05:00,falling,falling water expected soon,falling,2544,2026-10-07T20:00-05:00,2026-10-07T22:32-05:00,2026-10-07T23:28-05:00,,,,,59.0,4.8,0
2026-10-07T23:30-05:00,2026-10-07T22:00-05:00,642,2544,2026-10-07T21:00-05:00,falling,falling water expected soon,falling,642,2026-10-07T21:00-05:00,2026-10-08T00:28-05:00,2026-10-08T00:44-05:00,,,,,59.0,4.8,0
2026-10-07T23:45-05:00,2026-10-07T22:00-05:00,642,2544,2026-10-07T21:00-05:00,falling,falling water expected soon,falling,642,2026-10-07T21:00-05:00,2026-10-08T00:28-05:00,2026-10-08T00:44-05:00,,,,,59.0,4.8,0
2026-10-08T00:00-05:00,2026-10-07T23:00-05:00,668,2544,2026-10-07T21:00-05:00,falling,falling water expected soon,falling,642,2026-10-07T21:00-05:00,2026-10-08T00:28-05:00,2026-10-08T00:44-05:00,,,,,59.0,4.8,0
2026-10-08T00:15-05:00,2026-10-07T23:00-05:00,668,2544,2026-10-07T21:00-05:00,falling,falling water expected soon,falling,642,2026-10-07T21:00-05:00,2026-10-08T00:28-05:00,2026-10-08T00:44-05:00,,,,,59.5,4.6,0
2026-10-08T00:30-05:00,2026-10-07T23:00-05:00,668,2544,2026-10-07T21:00-05:00,falling,falling water expected soon,falling,642,2026-10-07T21:00-05:00,2026-10-08T00:28-05:00,2026-10-08T00:44-05:00,,,,,59.5,4.6,0
2026-10-08T00:45-05:00,2026-10-07T23:00-05:00,668,642,2026-10-07T22:00-05:00,falling,stable conditions expected,,,,,,,,,,59.5,4.6,0
2026-10-08T01:00-05:00,2026-10-08T00:00-05:00,673,642,2026-10-07T22:00-05:00,falling,stable conditions expected,,,,,,,,,,59.5,4.6,0
2026-10-08T01:15-05:00,2026-10-08T00:00-05:00,673,642,2026-10-07T22:00-05:00,falling,stable conditions expected,,,,,,,,,,59.7,5.3,0
2026-10-08T01:30-05:00,2026-10-08T00:00-05:00,673,642,2026-10-07T22:00-05:00,falling,stable conditions expected,,,,,,,,,,59.7,5.3,0
2026-10-08T01:45-05:00,2026-10-08T00:00-05:00,673,668,2026-10-07T23:00-05:00,falling,stable conditions expected,,,,,,,,,,59.7,5.3,0
2026-10-08T02:00-05:00,2026-10-08T01:00-05:00,677,668,2026-10-07T23:00-05:00,falling,stable conditions expected,,,,,,,,,,59.7,5.3,0
2026-10-08T02:15-05:00,2026-10-08T01:00-05:00,677,668,2026-10-07T23:00-05:00,falling,stable conditions expected,,,,,,,,,,59.9,6.1,0
2026-10-08T02:30-05:00,2026-10-08T01:00-05:00,677,668,2026-10-07T23:00-05:00,falling,stable conditions expected,,,,,,,,,,59.9,6.1,0
2026-10-08T02:45-05:00,2026-10-08T01:00-05:00,677,673,2026-10-08T00:00-05:00,stable,stable conditions expected,,,,,,,,,,59.9,6.1,0
2026-10-08T03:00-05:00,2026-10-08T02:00-05:00,675,673,2026-10-08T00:00-05:00,stable,stable conditions expected,,,,,,,,,,59.9,6.1,0
2026-10-08T03:15-05:00,2026-10-08T02:00-05:00,675,673,2026-10-08T00:00-05:00,stable,stable conditions expected,,,,,,,,,,60.1,6.4,0
2026-10-08T03:30-05:00,2026-10-08T02:00-05:00,675,673,2026-10-08T00:00-05:00,stable,stable conditions expected,,,,,,rising,2613,2026-10-08T13:00-05:00,2026-10-08T16:27-05:00,60.1,6.4,0
2026-10-08T03:45-05:00,2026-10-08T02:00-05:00,675,677,2026-10-08T01:00-05:00,stable,stable conditions expected,,,,,,rising,2613,2026-10-08T13:00-05:00,2026-10-08T16:27-05:00,60.1,6.4,0
2026-10-08T04:00-05:00,2026-10-08T03:00-05:00,686,677,2026-10-08T01:00-05:00,stable,stable conditions expected,,,,,,rising,2613,2026-10-08T13:00-05:00,2026-10-08T16:27-05:00,60.1,6.4,0
2026-10-08T04:15-05:00,2026-10-08T03:00-05:00,686,677,2026-10-08T01:00-05:00,stable,stable conditions expected,,,,,,rising,2613,2026-10-08T13:00-05:00,2026-10-08T16:27-05:00,60.1,6.5,0
2026-10-08T04:30-05:00,2026-10-08T03:00-05:00,686,677,2026-10-08T01:00-05:00,stable,stable conditions expected,,,,,,rising,2613,2026-10-08T13:00-05:00,2026-10-08T16:27-05:00,60.1,6.5,0
2026-10-08T04:45-05:00,2026-10-08T03:00-05:00,686,675,2026-10-08T02:00-05:00,stable,stable conditions expected,,,,,,rising,2613,2026-10-08T13:00-05:00,2026-10-08T16:27-05:00,60.1,6.5,0
2026-10-08T05:00-05:00,2026-10-08T04:00-05:00,693,675,2026-10-08T02:00-05:00,stable,stable conditions expected,,,,,,rising,2613,2026-10-08T13:00-05:00,2026-10-08T16:27-05:00,60.1,6.5,0
2026-10-08T05:15-05:00,2026-10-08T04:00-05:00,693,675,2026-10-08T02:00-05:00,stable,stable conditions expected,,,,,,rising,2613,2026-10-08T13:00-05:00,2026-10-08T16:27-05:00,60.1,6.6,0
2026-10-08T05:30-05:00,2026-10-08T04:00-05:00,693,675,2026-10-08T02:00-05:00,stable,stable conditions expected,,,,,,rising,2613,2026-10-08T13:00-05:00,2026-10-08T16:27-05:00,60.1,6.6,0
2026-10-08T05:45-05:00,2026-10-08T04:00-05:00,693,686,2026-10-08T03:00-05:00,stable,stable conditions expected,,,,,,rising,2613,2026-10-08T13:00-05:00,2026-10-08T16:27-05:00,60.1,6.6,0
2026-10-08T06:00-05:00,2026-10-08T05:00-05:00,694,686,2026-10-08T03:00-05:00,stable,stable conditions expected,,,,,,rising,2613,2026-10-08T13:00-05:00,2026-10-08T16:27-05:00,60.1,6.6,0
2026-10-08T06:15-05:00,2026-10-08T05:00-05:00,694,686,2026-10-08T03:00-05:00,stable,stable conditions expected,,,,,,rising,2613,2026-10-08T13:00-05:00,2026-10-08T16:27-05:00,60.1,6.6,0
2026-10-08T06:30-05:00,2026-10-08T05:00-05:00,694,686,2026-10-08T03:00-05:00,stable,stable conditions expected,,,,,,rising,2613,2026-10-08T13:00-05:00,2026-10-08T16:27-05:00,60.1,6.6,0
2026-10-08T06:45-05:00,2026-10-08T05:00-05:00,694,693,2026-10-08T04:00-05:00,stable,stable conditions expected,,,,,,rising,2613,2026-10-08T13:00-05:00,2026-10-08T16:27-05:00,60.1,6.6,0
2026-10-08T07:00-05:00,2026-10-08T06:00-05:00,705,693,2026-10-08T04:00-05:00,stable,stable conditions expected,,,,,,rising,2613,2026-10-08T13:00-05:00,2026-10-08T16:27-05:00,60.1,6.6,0
2026-10-08T07:15-05:00,2026-10-08T06:00-05:00,705,693,2026-10-08T04:00-05:00,stable,stable conditions expected,,,,,,rising,2613,2026-10-08T13:00-05:00,2026-10-08T16:27-05:00,60.1,6.6,0
2026-10-08T07:30-05:00,2026-10-08T06:00-05:00,705,693,2026-10-08T04:00-05:00,stable,stable conditions expected,,,,,,rising,2613,2026-10-08T13:00-05:00,2026-10-08T16:27-05:00,60.1,6.6,0
2026-10-08T07:45-05:00,2026-10-08T06:00-05:00,705,694,2026-10-08T05:00-05:00,stable,stable conditions expected,,,,,,rising,2613,2026-10-08T13:00-05:00,2026-10-08T16:27-05:00,60.1,6.6,0
2026-10-08T08:00-05:00,2026-10-08T07:00-05:00,675,694,2026-10-08T05:00-05:00,stable,stable conditions expected,,,,,,rising,2613,2026-10-08T13:00-05:00,2026-10-08T16:27-05:00,60.1,6.6,0
2026-10-08T08:15-05:00,2026-10-08T07:00-05:00,675,694,2026-10-08T05:00-05:00,stable,stable conditions expected,,,,,,rising,2613,2026-10-08T13:00-05:00,2026-10-08T16:27-05:00,59.9,6.8,0
2026-10-08T08:30-05:00,2026-10-08T07:00-05:00,675,694,2026-10-08T05:00-05:00,stable,stable conditions expected,,,,,,rising,2613,2026-10-08T13:00-05:00,2026-10-08T16:27-05:00,59.9,6.8,0
2026-10-08T08:45-05:00,2026-10-08T07:00-05:00,675,705,2026-10-08T06:00-05:00,stable,stable conditions expected,,,,,,rising,2613,2026-10-08T13:00-05:00,2026-10-08T16:27-05:00,59.9,6.8,0
